품목명,제조사명,식품코드,품목제조보고번호,영양성분함량기준량,에너지(kcal),단백질(g),지방(g),탄수화물(g),당류(g),식이섬유(g),칼슘(mg),철(mg),인(mg),칼륨(mg),나트륨(mg),비타민A(μg RAE),베타카로틴(μg),티아민(mg),리보플라빈(mg),니아신(mg),비타민 C(mg),비타민 D(μg),콜레스테롤(mg),포화지방산(g),트랜스지방산(g),비타민 B6 / 피리독신(mg),엽산(μg DFE),비타민 D3(μg),비타민 E(mg α-TE),당알콜(g),알룰로오스(g),에리스리톨(g),불포화지방산(g),트랜스 리놀렌산(18:3t)(mg),마그네슘(mg),망간(mg),아연(mg),류신(mg),1회 섭취참고량,식품중량,원재료명,CU,중량(g),갯수(개),price,_delete_reason
후레쉬베리 요거트베리,(주)오리온 제2익산공장,P101-106000100-2952,1.98E+13,100g,436,3.57,21.43,57.14,28.57,,,,,,143,,,,,,,,78.57,8.21,0,,,,,,,,,,,,,,30g,336g,"밀가루, 전란액, 백설탕, 쇼트닝, 잼, 옥수수기름(옥배유), 물엿, 올리고당, 물엿, 유함유가공품, 식물성크림, 혼합제제, 농후발효유, 유청, 주정, D-소비톨액, 전지분유, 유화제, 유화제, 유화제, 가공유지, 혼합제제, 구연산, 식염, 혼합제제, 향료, 혼합제제, 잔탄검, 향료제제",,336,1,3870,
화이트하임,(주)크라운제과,P101-105000100-0194,2.01E+11,100g,545,7.23,29.79,61.7,38.3,,,,,,138,,,,,,,,10.64,17.02,0,,,,,,,,,,,,,,30g,47g,"헤이즐넛향, 밀크향, 구아검, 정제소금, 덱스트린, 혼합분유, 유화제, 유화제, 유화제, 탄산수소암모늄, 탄산수소나트륨, 옥수수기름(옥배유), 쇼트닝, 대두분, 올리고당, 헤젤넛트페이스트, 유당, 기타가공품, 유청, 기타가공품, 설탕, 가공유지, 밀가루, 식품첨가물",,284,1,4650,
화이트쿠키 빼빼로,롯데웰푸드(주),P101-103000100-2315,1.98E+13,100g,503,8.11,22.43,67.57,37.84,,,,,,378,,,,,,,,11.35,21.35,0.81,,,,,,,,,,,,,,30g,37g,"밀가루, 과자, 글리세린지방산에스테르, 기타과당, 탄산수소나트륨, 탄산수소암모늄, 제삼인산나트륨, 정제소금, 레시틴, 기타가공품, 맥아엑기스, 전분가공품, 가공버터, 가공연유, 쇼트닝, 정제수, 혼합분유, 유당, 설탕, 가공유지, 혼합제제, 향료, 향료, 향료, 파파인, 효모, 땅콩분말, 아몬드분말",,37,30,1309,
허니버터칩,해태가루비(주)제2공장,P101-104000100-1022,2.02E+11,100g,542,5,31.67,58.34,5,,,,,,383,,,,,,,,8.33,11.67,0,,,,,,,,,,,,,,30g,60g,"혼합식용유, 복합조미식품, 감자",,60,1,940,
해태 사브레,해태제과식품(주),P101-103000400-2091,1.98E+13,100g,490,5.3,20,72,28,,,,,,190,,,,,,,,10,10,0.3,,,,,,,,,,,,,,30g,252g,"바닐린, 밀가루, 설탕, 쇼트닝, 전란액, 가공버터, 탄산수소암모늄, 탄산수소나트륨, 기타가공품, 혼합제제, 레시틴, 정제소금, 밀크향, 당류가공품, 바닐라향",,84,1,1060,
핫고래밥 매콤양념맛,(주)오리온 제2익산공장,P101-104000100-0457,1.98E+13,100g,441,7.14,12.5,75,10.71,,,,,,839,,,,,,,,0,6.43,0,,,,,,,,,,,,,,30g,56g,"산도조절제, 식염, 유화제, 소스, 기타가공품, 전분, 복합조미식품, 혼합식용유, 곡류가공품, 복합조미식품, 쇼트닝, 백설탕, 변성전분, 밀가루, 파프리카추출색소",,56,1,900,
프레첼허니향머스타드맛,㈜위너스,P101-106000100-1917,2.01E+12,100g,480,3.53,7.06,24.71,1.18,,,,,,182,,,,,,,,0,3.53,0,,,,,,,,,,,,,,30g,85g,"사양벌꿀, 프레첼, 팜올레인유, 복합조미식품",,85,1,940,
프레첼갈릭버터맛,(주)위너스,P101-106000100-1909,2.01E+11,100g,447,8.24,14.12,72.94,4.24,,,,,,788,,,,,,,,5.88,4.12,0,,,,,,,,,,,,,,30g,85g,"프레첼, 팜올레인유, 복합조미식품, 복합조미식품",,85,1,1400,
프레첼 먹태 청양마요맛,주식회사 위너스,P101-104000100-0452,2.01E+12,100g,503,12.61,25.38,56.1,10.96,,,,,,305,,,,,,,,2.63,8.59,0.07,,,,,,,,,,,,,,30g,100g,"과자, 복합조미식품, 팜올레인유, 땅콩 또는 견과류가공품, 복합조미식품",,85,1,1420,
포테토칩 오리지널,(주)농심,P101-106000100-1887,1.99E+12,100g,583,3.33,40,53.33,0,,,,,,433,,,,,,,,0,12.67,0,,,,,,,,,,,,,,30g,390g,"채종유(유채유 또는 카놀라유), 복합조미식품, 팜유, 감자",,60,1,830,
포카칩 오리지널,(주)오리온,P101-106000100-1875,1.99E+13,100g,557,6.67,36.67,50,1.33,,,,,,383,,,,,,,,0,13.67,0,,,,,,,,,,,,,,30g,66g,"감자, 식물성유지, 조미가공염",,66,20,1150,
포카칩 어니언맛,(주)오리온,P101-106000100-1874,1.99E+13,100g,570,6.67,36.67,53.33,2.33,,,,,,317,,,,,,,,0,13.67,0,,,,,,,,,,,,,,30g,66g,"감자, 양파맛씨즈닝, 식물성유지",,66,1,1060,
포스틱,(주)농심,P101-106000100-1872,1.98E+13,100g,467,3.33,15.67,76.67,4,,,,,,633,,,,,,,,0,5.33,0,,,,,,,,,,,,,,30g,156g,"기타가공품, 채종유(유채유 또는 카놀라유), 팜유, 곡류가공품",,84,1,1050,
파로 저당 단백칩,(주)삼아인터내셔날,P101-104000100-0643,1.99E+13,100g,408,13.64,13.36,66.44,2.59,,,,,,714,,,,,,,,0,5.59,0,,,,,,,,,,,,,,30g,100g,"프로테아제(세균성), 혼합제제, 과.채가공품류, 탄산수소나트륨, 참깨, 치아씨앗, 정제소금, 전분가공품, 난소화성말토덱스트린분말(고시형), 탄산수소암모늄, 밀가루, 기타가공품, 두류가공품, 팜유, 프락토올리고당, 곡류가공품, 밀가루",,45,10,1790,
통크 초코,(주)오리온,P101-103000400-1836,1.98E+13,100g,524,8.89,26.67,62.22,35.56,,,,,,122,,,,,,,,6.67,15.56,0,,,,,,,,,,,,,,30g,45g,"준초콜릿, 밀가루, 기타밀가루, 가공유지, 백설탕, 곡류가공품, 식염, 탄산수소나트륨",,45,40,755,
옹실한 칠곡쿠키,(주)크라운제과,P101-103000100-2624,2.01E+13,100g,507,9,23,66,18,,,,,,390,,,,,,,,20,11,0,,,,,,,,,,,,,,30g,192g,"밀가루, 쇼트닝, 기타밀가루, 향신료조제품, 혼합식용유, 탄산수소암모늄, 탄산수소나트륨, 정제소금, 올리고당, 골든시럽, 곡류가공품, 곡류가공품, 설탕, 기타 농산가공품, 전란액, 땅콩분태, 쌀, 설탕",,216,3,3007,
쿠크슈몬 화이트,(주)크라운제과,P101-103000100-4361,2.01E+13,100g,547,6,31,61,37,,,,,,180,,,,,,,,15,21,0,,,,,,,,,,,,,,30g,289g,"가공유지, 준초콜릿, 과.채가공품, 기타가공품, 혼합제제, 혼합식용유, 레시틴, 기타가공품, 정제소금, 탄산수소나트륨, 가공치즈, 바닐라향, 코코넛향, 바닐린, 가공버터, 혼합분유, 유당, 가공유지, 난백액, 쇼트닝, 밀가루, 설탕",,289,5,3980,
쿠크슈몬 커피,(주)크라운제과,P101-103000100-4360,2.01E+13,100g,547,6,31,61,37,,,,,,180,,,,,,,,10,21,0,,,,,,,,,,,,,,30g,289g,"준초콜릿, 기타가공품, 혼합분유, 가공유지, 가공버터, 유당, 가공유지, 밀가루, 설탕, 쇼트닝, 난백액, 커피향, 코코넛향, 가공치즈, 탄산수소나트륨, 정제소금, 레시틴, 커피, 혼합식용유, 혼합제제, 기타가공품, 과.채가공품",,289,1,6860,
쿠쉬쿠쉬 크루아상맛,(주)오리온,P101-103000400-1630,1.99E+13,100g,469,6.25,15.63,75,12.5,,,,,,563,,,,,,,,0,9.38,0,,,,,,,,,,,,,,30g,197g,"식염, 버터오일, 찰옥수수전분, 식물성유지, 식물성유지, 발효종, 감자전분, 백설탕, 중력분, 건조효모, 곡류가공품, 베이킹파우더, 산성아황산나트륨",,65.6,1,930,
카라멜콘 땅콩,(주)크라운제과,P101-106000100-1754,1.99E+11,100g,529,4.17,29.17,62.5,29.17,,,,,,167,,,,,,,,0,8.33,0,,,,,,,,,,,,,,30g,24g,"땅콩버터, 프락토올리고당, 땅콩버터, 캐러멜소스, 땅콩향, 결정셀룰로스, 정제소금, 카라멜색소 I, 가공소금, 팽창제제, 옥수수가루, 백설탕, 혼합식용유, 꿀땅콩, 캐러멜향, 정제수",,72,1,750,
카라멜 메이플콘,(주)크라운제과,P101-106000100-1753,1.99E+13,100g,519,2.7,27.03,66.22,32.43,,,,,,230,,,,,,,,13.51,10.81,0,,,,,,,,,,,,,,30g,74g,"옥수수가루, 백설탕, 혼합유, 캐러멜소스, 당시럽류, 가공버터, 혼합제제, 정제소금, 카라멜색소 I, 가공소금, 결정셀룰로오스, 가당연유, 버터혼합분말, 정제수, 레시틴, 베이킹파우더, 혼합제제",,74,1,500,
치즈톡 달콤치즈맛,농업회사법인 오리온농협 주식회사,P101-104000100-0432,2.02E+12,100g,486,3.75,21.25,70,16.25,,,,,,588,,,,,,,,0,10,0,,,,,,,,,,,,,,30g,80g,"레시틴, 식품첨가물, 과.채가공품, 복합조미식품, 전지분유, 곡류가공품, 기타 식용유지가공품, 정제소금, 식물성유지, 백설탕, 복합조미식품, 전분, 식물성유지, 식물성크림, 서류가공품, 옥수수전분",,80,1,1200,
치즈먹은 공룡,(주) 청우식품,P101-103000100-5253,2.01E+13,100g,453,7.71,14.95,71.9,14.32,,,,,,504,,,,,,,,4.07,7.02,0.05,,,,,,,,,,,,,,30g,100g,"프로테아제(세균성), 향료, 산도조절제, 기타과당, 정제소금, 산도조절제, 가공치즈, 곡류가공품, 혼합분유, 밀가루, 설탕, 쇼트닝",,60,1,1090,
쵸코하임,(주)크라운제과,P101-106000100-1723,2.01E+11,100g,540,8.51,29.79,59.57,36.17,,,,,,138,,,,,,,,10.64,17.02,0,,,,,,,,,,,,,,30g,47g,"가공유지, 설탕, 유청, 혼합분유, 유당, 기타가공품, 헤젤넛트페이스트, 준초콜릿, 올리고당, 대두분, 코코아분말, 쇼트닝, 코코아매스, 옥수수기름(옥배유), 유화제, 유화제, 유화제, 탄산수소나트륨, 탄산수소암모늄, 덱스트린, 정제소금, 구아검, 식품첨가물, 밀가루, 헤이즐넛향",,284,1,3470,
참크래커,(주)크라운제과,P101-103000400-1345,2.01E+12,100g,450,8.93,14.29,71.43,1.79,,,,,,696,,,,,,,,17.86,7.86,0.54,,,,,,,,,,,,,,30g,56g,"쇼트닝, 밀가루, 향료, 혼합제제, 물엿, 혼합분유, 영양강화제, 효소제, 곡류가공품, 효모, 산도조절제, 천일염, 우유, 혼합식용유, 쇼트닝",,56,1,1050,
참 알프스,(주)크라운제과,P101-106000100-6226,2.01E+13,100g,441,8.93,12.5,73.21,1.79,,,,,,679,,,,,,,,8.93,6.96,0.89,,,,,,,,,,,,,,30g,56g,"밀가루, 곡류가공품, 쇼트닝, 쇼트닝, 혼합식용유, 정제소금, 우유, 혼합분유, 물엿, 탄산수소나트륨, 효모, 곡류가공품, 크래커향, 혼합제제, 탄산칼슘, 식품첨가물",,59,1,960,
찰떡쿠키 오리지널,(주)청우식품,P101-103000100-5237,1.99E+13,100g,395,4,9,74,34,,,,,,300,,,,,,,,15,4.5,0,,,,,,,,,,,,,,30g,258g,"찹쌀, 전란액, D-소비톨액, 밀가루, 설탕, 물엿, 마가린, 기타과당, 찰옥수수전분, 가공버터, 당류가공품, 식물성크림, 전분가공품, 정제소금, 탄산수소암모늄, 혼합제제, 탄산수소나트륨, 혼합제제, 레시틴, 혼합제제, 정제수, 주정",,215,6,4483,
쫄병 안성탕면맛,(주)농심,P101-106000100-1653,2.00E+13,100g,513,7.79,27.27,59.74,5.19,,,,,,831,,,,,,,,0,12.99,0,,,,,,,,,,,,,,30g,77g,"옥수수전분, 정제팜유, 밀가루, 복합조미식품, 기타가공품, 소스, 설탕, 정제소금, 복합조미식품, 식육추출가공품, 복합조미식품, 감자전분, 복합조미식품, 효소처리스테비아, 혼합제제, 정제수",,82,5,1904,
쫄병 숯불바베큐맛,(주)농심,P101-104000100-1967,2.00E+13,100g,512,7.32,26.83,60.98,7.32,,,,,,537,,,,,,,,0,12.2,0,,,,,,,,,,,,,,30g,82g,"밀가루, 팜유, 옥수수전분, 기타가공품, 소스, 설탕, 정제소금, 감자전분, 효소처리스테비아, 혼합제제, 향료제제, 정제수",,,1,960,
쫄병 매콤한맛,(주)농심,P101-104000100-1966,2.00E+13,100g,512,6.1,26.83,60.98,7.32,,,,,,573,,,,,,,,0,12.2,0,,,,,,,,,,,,,,30g,82g,"정제수, 혼합제제, 효소처리스테비아, 감자전분, 정제소금, 설탕, 소스, 기타가공품, 옥수수전분, 팜유, 밀가루",,82,1,780,
죠리퐁 마시멜로,(주)크라운제과,P101-106000100-1617,1.99E+13,100g,436,7.69,12.05,76.92,35.9,,,,,,154,,,,,,,,0,5.38,0,,,,,,,,,,,,,,30g,39g,"물엿, 기타가공품, 기타설탕, 팜올레인유, 설탕, 밀쌀, 폴리덱스트로스, 프락토올리고당, 카라멜색소 I, 정제소금, 당류가공품, 비타민C, 향료, 바닐린, 향료, 유화제, 식품첨가물혼합제제, 비타민 A, 정제수",,35,1,930,
죠리퐁,(주)크라운제과,P101-106000100-1616,1.99E+11,100g,446,8.11,13.51,77.03,31.08,,,,,,162,,,,,,,,0,5.95,0,,,,,,,,,,,,,,30g,74g,"비타민C, 혼합제제, 당류가공품, 정제소금, 카라멜색소 I, 폴리덱스트로스, 올리고당, 물엿, 기타설탕, 팜올레인유, 백설탕, 밀쌀, 향료, 바닐린, 정제수, 비타민 A, 유화제, 향료",,74,6,1000,
조청유과,(주)농심,P101-107000100-1389,1.99E+12,100g,552,2.5,32.29,62.5,25,,,,,,260,,,,,,,,0,11.46,0,,,,,,,,,,,,,,30g,96g,"채종유(유채유 또는 카놀라유), 혼합제제, 정제수, 정제소금, 물엿, 기타가공품, 밀가루, 복합조미식품, 프락토올리고당, 전분가공품, 갈색설탕, 기타전분, 팜유류, 백설탕, 곡류가공품",,320,5,4180,
제로 쿠앤크 샌드,롯데웰푸드(주),P101-106000100-2475,2.00E+13,100g,464,4.17,25,67.71,0,,,,,,406,,,,,,,,0,12.5,0.09,,,,,,,,,,,,,,30g,96g,"쇼트닝, D-말티톨, 박력분, 정제수, 천연감미료혼합제제분말, 천연감미료혼합제제분말, 향료, 향료, 향료, 향료, 향료, 유화제, 산도조절제, 바닐린, 산도조절제, 정제소금, 산도조절제, 전분가공품, 식물성크림, 코코아분말, 쇼트닝, 식물성유지",,288,1,3320,
쟈키쟈키,(주)빙그레,P101-106000100-1577,1.99E+11,100g,529,5.43,30,60,4.29,,,,,,800,,,,,,,,0,10,0,,,,,,,,,,,,,,30g,70g,"밀가루, 팜올레인유, 옥수수전분, 혼합제제, 백설탕, 정제염, 건마늘분말, 불고기씨즈닝분말, 볶음양파분말, 치자황색소, 혼합황색소-에이, 복합조미식품",,70,1,1050,
자주 꾀돌이,광일제과,P101-106000100-4471,1.98E+12,100g,434,8.74,10.68,75.61,18.14,,,,,,300,,,,,,,,0,4.86,0,,,,,,,,,,,,,,30g,100g,"바닐린향, 혼합제제, 초콜릿, 포도당, 코코아분말, 밀가루, 설탕, 팜올레인유, 식물성크림, 물엿, 효모, 옥수수전분, 정제소금",,40,1,900,
인디안밥,(주)농심,P101-106000100-1538,1.99E+11,100g,506,6.02,24.1,66.27,3.98,,,,,,747,,,,,,,,0,8.43,0,,,,,,,,,,,,,,30g,83g,"채종유(유채유 또는 카놀라유), 복합조미식품, 팜유류, 곡류가공품",,45,1,1090,
이지프로틴 고단백질 감자칩 소금빵맛,롯데웰푸드(주),P101-104000100-0610,2.00E+13,100g,390,24,8.4,54,10.4,,,,,,780,,,,,,,,0,4,0,,,,,,,,,,,,,,30g,50g,"두류가공품, 서류가공품, 정제수, 팽창제제, 팽창제제, 복합조미식품, 구연산, 복합조미식품, 정제소금, 유화제, 글리신, 초산전분, 두류가공품, 기타설탕, 서류가공품, 전분가공품, 팜올레인유, 복합조미식품",,50,16,1875,
이지프로틴 고단백질 감자칩 매콤치즈맛,롯데웰푸드(주),P101-104000100-0609,2.00E+13,100g,380,24,8,52,10,,,,,,860,,,,,,,,0,3.6,0,,,,,,,,,,,,,,30g,50g,"복합조미식품, 두류가공품, 서류가공품, 전분가공품, 팜올레인유, 서류가공품, 두류가공품, 초산전분, 기타설탕, 복합조미식품, 글리신, 유화제, 정제소금, 복합조미식품, 구연산, 복합조미식품, 팽창제제, 팽창제제, 정제수",,50,1,4620,
유자치즈케익,(주)청우식품,P101-106000100-1518,1.99E+13,100g,415,4,15,66,32,,,,,,144,,,,,,,,19,3.8,0,,,,,,,,,,,,,,30g,190g,"혼합제제, DL-사과산, 향료, 밀가루, 설탕, 물엿, 마가린, 폴리글리시톨시럽, 기타과당, 두류가공품, 전란액, 당절임, 쇼트닝, 혼합제제, 혼합분유, 기타엿, 가공치즈, 아미드펙틴, 레시틴, 혼합제제, 정제소금, 베이킹파우더, 구연산, 제일인산칼슘, 치자황색소, 구연산삼나트륨, 정제수, 주정",,190,10,661,
서주 웨하스 바닐라맛,서주제과(주),P101-105000100-0150,1.99E+12,100g,570,4,34,62,30,,,,,,90,,,,,,,,3,24,0,,,,,,,,,,,,,,30g,50g,"포도당, 쇼트닝, 밀가루, 기타설탕, 바닐린, 천연바닐라추출물, 산도조절제, 유화제, 합성향료, 산도조절제, 미강유, 정제소금, 전란액, 혼합분, 옥수수전분, 유당",,70,1,800,
서주 웨하스 딸기맛,서주제과(주),P101-105000100-0562,1.99E+13,100g,570,4,32,66,30,,,,,,90,,,,,,,,3,22,0,,,,,,,,,,,,,,30g,50g,"전분, 기타설탕, 포도당, 쇼트닝, 밀가루, 과채가공품, 탄산수소암모늄, 구연산, 유화제, 합성향료, 합성향료, 탄산수소나트륨, 미강유(현미유), 자주색옥수수색소, 정제소금, 전란액",,70,1,800,
우유먹은 공룡,(주) 청우식품,P101-103000100-5219,2.01E+13,100g,432,7.62,10.71,76.39,18.93,,,,,,288,,,,,,,,7.22,2.27,0.02,,,,,,,,,,,,,,30g,100g,"비타민B2, 비타민B1염산염, 프로테아제(세균성), 향료, 유함유가공품, 향료, 산도조절제, 유함유가공품, 정제소금, 기타과당, 산도조절제, 가당연유, 쇼트닝, 우유, 혼합분유, 마가린, 설탕, 밀가루, 곡류가공품",,60,10,982,
옥수수 에이플러스콘,(주)광일식품,P101-406000100-0006,1.99E+13,100g,440,4.5,12.17,78.13,17.7,,,,,,630,,,,,,,,0,6.71,0,,,,,,,,,,,,,,70g,55g,"곡류가공품, 설탕, 팜올레인유, 물엿, 정제소금, 기타소금, 가공소금, 정제수",,55,20,562,
오징어톡 구운오징어맛,농업회사법인오리온농협(주),P101-104000100-0141,2.02E+12,100g,475,3,19,73,5,,,,,,740,,,,,,,,10,9,0,,,,,,,,,,,,,,30g,136g,"감자전분, 식물성유지, 과자, 서류가공품, 전분, 복합조미식품, 백설탕, 전분가공품, 복합조미식품, 소스류, 변성전분, 소스류, 정제소금, 기타 식용유지가공품, 아스파라지나아제",,136,1,2220,
오징어집(버터구이맛),(주)농심,P101-106000100-2385,1.97E+13,100g,538,6.41,30.77,58.98,6.41,,,,,,500,,,,,,,,6.41,11.54,0,,,,,,,,,,,,,,30g,78g,"정제수, 밀가루, 버터구이오징어맛시즈닝, 팜유, 채종유(유채유 또는 카놀라유), 기타가공품, 기타가공품, 오징어페이스트, 연육, 옥수수전분",,78,1,880,
예감 볶은양파맛,(주)오리온,P101-106000100-3176,1.98E+13,100g,512,5.88,25.29,64.71,11.77,,,,,,588,,,,,,,,0,12.94,2.06,,,,,,,,,,,,,,30g,204g,"전분, 식물성유지, 서류가공품, 알파옥수수분말, 복합조미식품, 백설탕, 서류가공품, 복합조미식품, 아스파라지나아제, 건파, 식염, 전지분유, 식물성크림, 기타가공품, 산도조절제, 산도조절제, 복합조미식품",,204,1,2980,
예감,(주)오리온,P101-106000100-3175,1.98E+12,100g,494,4.69,25,62.5,12.5,,,,,,625,,,,,,,,0,12.5,2.19,,,,,,,,,,,,,,30g,192g,"아스파라지나아제, 복합조미식품, 전지분유, 식염, 식물성크림, 복합조미식품, 산도조절제, 산도조절제, 복합조미식품, 알파옥수수분말, 백설탕, 서류가공품, 전분, 식물성유지, 서류가공품, 복합조미식품",,76,1,2250,
엄마손파이,롯데웰푸드주식회사,P101-106000100-0436,1.98E+13,100g,528,6.69,28.35,61.42,24.41,,,,,,299,,,,,,,,7.87,14.96,0.32,,,,,,,,,,,,,,30g,254g,"기타가공품, 벌꿀, 기타가공품, 기타가공품, 정제소금, 가공버터, 혼합분유, 백설탕, 마가린, 밀가루",,254,4,4725,
양파링 오리지널,(주)농심,P101-104000100-2372,2.00E+12,100g,469,3.5,20,72.5,6.25,6.1,,,,,688,,,,,,,,0,7.5,0,,,,,,,,,,,,,,30g,80g,"정제수, 서류가공품, 복합조미식품, 양파농축액, 기타가공품, 변성전분, 팜유, 채종유(유채유 또는 카놀라유), 옥수수전분, 밀가루",,80,1,910,
야채타임,(주)빙그레,P101-106000100-1205,1.99E+12,100g,464,4.29,25.71,52.86,7.14,,,,,,500,,,,,,,,0,10,0,,,,,,,,,,,,,,30g,70g,"밀가루, 옥수수전분, 건양파분말, 백설탕, 정제소금, 식품첨가물, 치자황색소, 과.채가공품류, 팜올레인유, 복합조미식품, 제삼인산칼슘, 토마토케첩",,70,1,980,
쌀로칩 들기름 김맛,롯데웰푸드주식회사,P101-104000100-0963,1.98E+13,100g,560,5,34,58,6,,,,,,860,,,,,,,,0,12,0,,,,,,,,,,,,,,30g,50g,"쌀, 혼합식용유, 복합조미식품, 변성전분, 전분, 설탕, 팜올레인유, 당류가공품, 분말셀룰로스, 정제소금, 복합조미식품, 곡류가공품, 5-리보뉴클레오티드이나트륨, 비타민C, 비타민E, 정제수",,100,5,2326,
쌀떡볶이,(주)코스모스제과,P101-106000100-1124,1.99E+12,100g,475,5.29,18.05,72.64,19.2,,,,,,338,,,,,,,,0,5.98,0,,,,,,,,,,,,,,30g,870g,"밀가루, 팜올레인유, 백설탕, 물엿, 복합조미식품, 쌀그릿츠, 고추장, 혼합제제, 분말결정포도당, 탄산수소암모늄, 정제소금, 탄산수소나트륨, 육두구분말, 건조파슬리분말, 혼합제제",,50,6,525,
스낵24 두부과자,(주)코스모스제과,P101-104000100-0820,1.99E+13,100g,517,7.24,26.3,62.75,5.51,,,,,,504,,,,,,,,8.09,10.5,0.06,,,,,,,,,,,,,,30g,100g,"분당, 두부, 참깨, 우유, 계란, 소스, 정제소금, 혼합제제, 복합조미식품, 효모, 혼합제제, 밀가루, 팜올레인유",,135,16,1053,
수미칩 오리지널,(주)농심,P101-106000100-1030,1.99E+12,100g,517,6.67,26.67,63.33,7,,,,,,433,,,,,,,,0,9,0,,,,,,,,,,,,,,30g,85g,"감자, 팜유, 복합조미식품, 채종유(유채유 또는 카놀라유)",,85,12,2031,
서주 버터와플,서주제과(주),P101-106000100-0995,1.99E+12,100g,483,6.16,19.18,71.92,33.56,,,,,,219,,,,,,,,41.1,10.96,0.21,,,,,,,,,,,,,,30g,146g,"밀가루, 설탕, 가공버터, 전란액, 쇼트닝, 기타가공품, 정제소금, 산도조절제, 레시틴, 혼합제제, 당류가공품, 복합조미식품, 바닐린",,55,1,820,
서주 허쉬 헤이즐넛 와플,서주푸드주식회사,P101-106000100-4418,1.99E+13,100g,482,7.27,20,67.27,30.91,,,,,,255,,,,,,,,36.36,8.73,0,,,,,,,,,,,,,,30g,55g,"밀가루, 설탕, 쇼트닝, 정제수, 전란액, 가공버터, 코코아분말, 땅콩 또는 견과류가공품, 전지분유, 향료, 코코아분말, 정제소금, 산도조절제, 땅콩버터, 향료제제, 유화제, 바닐린, 향료",,55,1,1200,
서주 허쉬 솔티카라멜 와플,서주제과(주),P101-106000100-2304,1.99E+13,100g,464,7.64,16.91,70.91,27.27,,,,,,582,,,,,,,,27.27,6.36,0,,,,,,,,,,,,,,30g,55g,"코코아분말, 향료, 탄산수소나트륨, 밀가루, 설탕, 쇼트닝, 전란액, 가공버터, 당류가공품, 전지분유, 정제수, 코코아분말, 정제소금, 향료, 바닐린, 레시틴",,146,13,5355,
서주 포켓 웨하스 그릭요거트,서주제과(주),P101-105000100-0557,1.99E+13,100g,512,6.02,27.11,66.27,24.1,,,,,,90,,,,,,,,0,19.88,0,,,,,,,,,,,,,,30g,16.60g,"밀가루, 쇼트닝, 포도당, 분당, 혼합분유, 기타가공품, 전란액, 향료, 정제소금, 레시틴, 산도조절제, 미강유(현미유), DL-사과산, 구연산(무수), 산도조절제",,16.6,1,400,
감자칩 케첩맛,해태가루비(주) 제 2공장,P101-106000100-2296,2.02E+12,100g,567,6.67,36.67,53.33,3.33,,,,,,350,,,,,,,,0,12.67,0,,,,,,,,,,,,,,30g,100g,"감자, 복합조미식품, 혼합식용유",,110,1,1970,
새우깡,(주)농심,P101-106000100-0968,1.98E+13,100g,517,6.67,27.78,60,5.56,,,,,,678,,,,,,,,3.33,8.89,0.33,,,,,,,,,,,,,,30g,90g,"곡류가공품, 미강유, 팜유, 향미유, 기타가공품",,80,20,966,
빼빼로 더블리치 솔티바닐라,롯데웰푸드(주),P101-106000100-7079,1.98E+13,100g,550,7,30,62.5,40,,,,,,275,,,,,,,,12.5,18.25,0,,,,,,,,,,,,,,30g,40g,"전분가공품, 코코아분말, 가공버터, 쇼트닝, 가공연유, 설탕, 정제수, 밀가루, 식물성크림, 식물성크림, 기타가공품, 코코아분말, 맥아엑기스, 효모, 파파인, 향료, 혼합제제, 기타과당, 곡류가공품, 산도조절제, 산도조절제, 산도조절제, 정제소금",,40,1,1870,
배배,(주)오리온,P101-106000100-0775,1.99E+13,100g,480,5,20,70,32.5,,,,,,400,,,,,,,,25,12.25,0,,,,,,,,,,,,,,30g,80g,"잔탄검, 제일인산칼슘, 탄산수소나트륨, 바닐라향, 버터향, 식염, 난황액, 유크림, 탈지분유, 전지분유, 난백, 식물성유지, 백설탕, 밀가루",,80,1,1060,
바삭한 갈릭새우칩,미찌푸드(주),P101-106000100-0750,2.01E+13,100g,540,1,32,62,8,,,,,,720,,,,,,,,2.3,14,0,,,,,,,,,,,,,,30g,140g,"복합조미식품, 팜올레인유, 서류가공품",,155,1,2080,
서주 미니 웨하스 바닐라맛,서주제과(주),P101-105000100-0082,1.99E+12,100g,538,3.75,30,63.75,18.75,,,,,,125,,,,,,,,3.75,17.5,0,,,,,,,,,,,,,,30g,80g,"바닐린, 천연바닐라추출물, 산도조절제, 유화제, 합성향료, 산도조절제, 미강유, 정제소금, 전란액, 기타가공품, 유당, 옥수수전분, 기타설탕, 포도당, 쇼트닝, 밀가루",,70,1,800,
서주 미니 웨하스 딸기맛,서주제과(주),P101-105000100-0080,1.99E+13,100g,531,5,27.5,66.25,21.25,,,,,,125,,,,,,,,0,12.5,0,,,,,,,,,,,,,,30g,80g,"탄산수소암모늄, 구연산, 유화제, 합성향료, 합성향료, 탄산수소나트륨, 미강유(현미유), 자주색옥수수색소, 정제소금, 전란액, 과채가공품, 전분, 기타설탕, 포도당, 쇼트닝, 밀가루",,70,1,800,
못말리는 신짱,(주)크라운제과,P101-106000100-0675,1.99E+12,100g,534,5.26,28.95,63.16,21.05,,,,,,289,,,,,,,,0,8.95,0,,,,,,,,,,,,,,30g,38g,"정제수, 밀가루, 혼합식용유, 백설탕, 프락토올리고당, 분말결정포도당, 정제소금, 탄산수소암모늄, 벌꿀, 검정깨(흑임자), 조미식품, 탄산수소나트륨, 향료, 조미식품, 향료, 향료제제, 향미증진제",,120,1,760,
메론킥,(주)농심,P101-104000100-0914,1.99E+13,100g,475,4.83,18.33,73.34,36.67,,,,,,133,,,,,,,,0,13.33,0,,,,,,,,,,,,,,30g,60g,"설탕, 곡류가공품, 기타가공품, 채종유(유채유 또는 카놀라유), 향료, 난백분, 혼합제제, 혼합제제, 정제소금, 향료제제, 향료, 과.채가공품, 전지분유, 팜유류",,60,16,960,
먹태깡 청양마요맛,(주)농심,P101-104000100-0369,2.00E+13,100g,467,6.17,18.33,70,31.67,,,,,,700,,,,,,,,0,6.83,0,,,,,,,,,,,,,,30g,60g,"정제수, 향료, 향료, 팜유, 채종유(유채유 또는 카놀라유), 복합조미식품, 설탕, 곡류가공품",,60,4,1300,
매운새우깡,(주)농심,P101-106000100-6311,1.97E+13,100g,506,6.67,25.56,62.22,7.78,,166,,,,722,,,,,,,,3.89,7.78,,,,,,,,,,0,,,,,30g,90g,"향미유, 기타가공품, 팜유, 미강유(현미유), 곡류가공품",,90,4,1180,
맛새우칩,(주)코스모스제과,P101-106000100-0655,1.99E+12,100g,518,1.79,28.57,64.29,8.93,,,,,,900,,,,,,,,7.14,12.5,0,,,,,,,,,,,,,,30g,56g,"새우맛씨즈닝, 팜올레인유, 새우크래커",,25,1,340,
말차하임,(주)크라운제과,P101-106000100-6170,2.01E+13,100g,524,8,28,60,38,,,,,,140,,,,,,,,10,16,0,,,,,,,,,,,,,,30g,284g,"식품첨가물, 구아검, 탄산수소암모늄, 탄산수소나트륨, 레시틴, 자당지방산에스테르, 정제소금, 덱스트린, 고형차, 혼합분유, 유당, 혼합제제, 옥수수기름(옥배유), 설탕, 쇼트닝, 대두분, 올리고당, 밀가루, 식물성크림",,284,1,4500,
마라뿌린 치킨팝,농업회사법인 오리온농협 주식회사,P101-104000100-2019,2.02E+13,100g,495,5,21.67,70,25,,,,,,1150,,,,,,,,0,10,0,,,,,,,,,,,,,,30g,60g,"소스류, 쌀, 식물성유지, 설탕, 곡류가공품, 태움용융소금, 고춧가루, 복합조미식품, 땅콩분태, 소스류, 물엿, 복합조미식품",,60,1,820,
롯샌파인애플,롯데웰푸드(주),P101-106000100-0574,2.00E+13,100g,524,3.81,26.67,66.67,34.29,,,,,,324,,,,,,,,0,13.33,0.95,,,,,,,,,,,,,,30g,315g,"정제소금, 산도조절제, 과.채가공품, 향료, 레시틴, 산도조절제, 바닐린, 구연산, DL-사과산, 유화제, 기타가공품, 기타과당, 기타가공품, 유당, 정제수, 밀가루, 식물성유지, 포도당, 쇼트닝, 기타설탕, 설탕",,79,1,1100,
두부스틱,(주)청우식품,P101-106000100-0478,2.01E+13,100g,445,10,12,74,19,,,,,,530,,,,,,,,0,5,0,,,,,,,,,,,,,,30g,220g,"식물성크림, 산도조절제, 포도당, 가공치즈, 프로테아제(세균성), 향신료올레오레진류, 정제소금, 산도조절제, 쇼트닝, 팜유, 설탕, 밀가루, 두부",,220,1,2620,
두부과자 콘소메맛,(주)코스모스제과,P101-106000100-2168,1.99E+13,100g,499,7.95,23,65.17,12.47,,,,,,780,,,,,,,,7.4,10.85,0.07,,,,,,,,,,,,,,30g,100g,"복합조미식품, 밀가루, 팜올레인유, 기타설탕, 혼합제제, 효모, 복합조미식품, 혼합제제, 정제소금, 소스, 계란, 우유, 참깨, 두부",,135,16,1053,
두부과자 와사비맛,(주)코스모스제과,P101-106000100-2167,1.99E+13,100g,498,7.78,22.86,65.38,11.29,,,,,,828,,,,,,,,7.48,10.41,0.07,,,,,,,,,,,,,,30g,100g,"복합조미식품, 기타설탕, 팜올레인유, 밀가루, 두부, 혼합제제, 효모, 복합조미식품, 혼합제제, 정제소금, 소스, 계란, 우유, 참깨",,135,16,1053,
두부과자 야채맛,(주)코스모스제과,P101-106000100-2722,1.99E+13,100g,530,7,29,59,9,,,,,,340,,,,,,,,0,18,0,,,,,,,,,,,,,,30g,100g,"혼합제제, 효모, 복합조미식품, 혼합제제, 계란, 정제소금, 참깨, 분당, 혼합야채, 팜올레인유, 밀가루, 두부",,135,16,1053,
두부과자,(주)코스모스제과,P101-106000100-0461,1.99E+12,100g,500,10,23.33,63.33,10,,,,,,467,,,,,,,,10,8,0,,,,,,,,,,,,,,30g,150g,"두부, 분당, 팜올레인유, 밀가루, 소스, 계란, 우유, 참깨, 정제소금, 혼합제제, 복합조미식품, 효모, 혼합제제",,135,16,1053,
두바이 스타일 쵸코하임,(주)크라운제과,P101-106000100-7062,2.01E+13,100g,538,8,30,59,38,,,,,,190,,,,,,,,10,17,0,,,,,,,,,,,,,,30g,142g,"식물성크림, 밀가루, 올리고당, 대두분, 코코아분말, 쇼트닝, 설탕, 옥수수기름(옥배유), 유당, 혼합분유, 덱스트린, 정제소금, 자당지방산에스테르, 레시틴, 탄산수소나트륨, 탄산수소암모늄, 구아검, 식품첨가물",,284,1,7080,
꼬북칩 초코츄러스맛,(주)오리온,P101-106000100-0445,1.99E+13,100g,522,6.78,27.12,62.71,3.39,,,,,,356,,,,,,,,0,11.86,0,,,,,,,,,,,,,,30g,59g,"설탕, 식물성유지, 밀가루, 준초콜릿, 복합조미식품, 코코아분말, 기타가공품, 식염, 코코아분말, 곡류가공품, 식물성유지, 버터오일",,80,12,1125,
델로스 카푸치노,(주)청우식품,P101-106000100-0440,2.01E+12,100g,484,5,20,71,28,,,,,,402,,,,,,,,0,10,0,,,,,,,,,,,,,,30g,315g,"밀가루, 설탕, 쇼트닝, 물엿, 대두분, 가공연유, 탄산수소암모늄, 탄산수소나트륨, 정제소금, 커피, 레시틴, 합성향료, 천연향신료, 정제수",,630,1,5460,
델로스 오리지날,(주)청우식품,P101-103000400-0291,2.01E+13,100g,484,5,20,71,28,,,,,,402,,,,,,,,0,10,0,,,,,,,,,,,,,,30g,315g,"합성향료, 정제수, 밀가루, 설탕, 쇼트닝, 물엿, 대두분, 탄산수소암모늄, 탄산수소나트륨, 정제소금, 천연향신료, 레시틴, 바닐린, 혼합제제",,630,1,5600,
다이제 샌드 초코스프레드,(주)오리온 제2익산공장,P101-106000100-2131,1.98E+13,100g,504,6.12,22.45,69.39,24.49,,,,,,490,,,,,,,,10.2,12.24,0,,,,,,,,,,,,,,30g,98g,"향료, 기타가공품, 향료, 밀가루, 백설탕, 쇼트닝, 쇼트닝, 기타밀가루, 포도당, 농후발효유, 분말유크림, 당류가공품, 코코아매스, 코코아분말, 기타코코아가공품, 준초콜릿, 전지분유, 식염, L-주석산, 산도조절제, 산도조절제, 향료제제",,98,1,1260,
카라멜 프레첼,(주)삼아인터내셔날,P101-106000100-3010,1.99E+13,100g,471,9.81,18.44,66.4,19.83,,,,,,688,,,,,,,,0,14.39,0.02,,,,,,,,,,,,,,30g,110g,"과자, 기타코코아가공품",,110,1,1900,
꿀먹은 튀긴 건빵,(주)코스모스제과,P101-106000100-0306,1.99E+13,100g,500,5.45,23.64,66.36,22.73,,,,,,236,,,,,,,,0,6.36,0,,,,,,,,,,,,,,30g,110g,"참깨, 사양벌꿀, 당류가공품, 팜올레인유, 과자류",,220,1,990,
꾀돌이,광일제과,P101-106000100-0298,1.98E+12,100g,434,8.74,10.68,75.61,18.14,,,,,,300,,,,,,,,0,4.86,0,,,,,,,,,,,,,,30g,100g,"바닐린향, 혼합제제, 초콜릿, 포도당, 코코아분말, 정제소금, 옥수수전분, 효모, 물엿, 식물성크림, 팜올레인유, 설탕, 밀가루",,40,1,350,
꽃게랑,(주)빙그레,P101-106000100-0292,1.99E+11,100g,550,6.67,30,63.33,6.67,,,,,,700,,,,,,,,0,10,0,,,,,,,,,,,,,,30g,70g,"소맥분, 팜올레인유, 옥수수전분, 복합조미식품, 설탕, 복합조미식품, 복합조미식품, 기타가공품, 치자황색소, 복합조미식품, 정제염, 글리신, 제삼인산칼슘, 건마늘분말, 게향",,70,16,973,
삼아 그린티 웨하스,(주)삼아인터내셔날,P101-105000100-0011,1.99E+13,100g,520,6.6,26,65,30,,,,,,165,,,,,,,,2.9,20.2,0,,,,,,,,,,,,,,30g,100g,"밀가루, 야자유, 설탕, 유청분말, 포도당, 덱스트린, 전지분유, 유당, 녹차가루, 레시틴, 해바라기유, 정제소금, 탄산수소나트륨, 산성피로인산나트륨",,100,3,5850,
그랑쉘 사과,(주)청우식품,P101-106000100-0225,1.99E+13,100g,423,5,15,67,30,,,,,,227,,,,,,,,12,7,0,,,,,,,,,,,,,,30g,195g,"주정, 정제수, 구연산삼나트륨, 향료, 탄산수소암모늄, 향료, 구연산, 유함유가공품, 혼합제제, DL-사과산, 제일인산칼슘, 밀가루, 설탕, 마가린, 물엿, 두류가공품, 기타과당, 전란액, 기타엿, 식물성크림, 과.채가공품, 아미드펙틴, 탄산수소나트륨, 레시틴, 정제소금",,234,4,7542,
그랑쉘 딸기,(주)청우식품,P101-103000100-0544,1.99E+13,100g,428,5,16,66,32,,,,,,180,,,,,,,,15,5,0,,,,,,,,,,,,,,30g,195g,"주정, 정제수, 구연산삼나트륨, 코치닐추출색소, 제일인산칼슘, DL-사과산, 탄산수소나트륨, 구연산, 향료, 유함유가공품, 탄산수소암모늄, 정제소금, 레시틴, 아미드펙틴, 밀가루, 설탕, 쇼트닝, 물엿, 과.채가공품, 기타과당, 폴리글리시톨시럽, 전란액, 기타엿, 쇼트닝",,195,1,10950,
국산콩 두부과자,(주)코스모스제과,P101-106000100-0216,1.99E+13,100g,506,8.75,23.75,65,12.5,,,,,,1388,,,,,,,,6.25,8.75,0,,,,,,,,,,,,,,30g,80g,"혼합제제, 복합조미식품, 혼합제제, 효모, 정제소금, 참깨, 계란, 밀가루, 두부, 팜올레인유, 과채가공품, 분당",,135,16,1053,
구운양파,해태가루비(주),P101-104000100-0882,2.00E+12,100g,583,5,38.33,55,5,,,,,,433,,,,,,,,8.33,11.67,0,,,,,,,,,,,,,,30g,60g,"양파맛씨즈닝, 향미유, 혼합식용유, 옥수수가루, Onion flavor, Roasted onion flavor, 탄산칼슘, 양파맛파우더, 양파분말",,45,1,1000,
고소미,(주)오리온,P101-106000100-0144,1.99E+13,100g,517,5.56,27.78,61.11,27.78,,,,,,306,,,,,,,,7.78,13.89,0.56,,,,,,,,,,,,,,30g,216g,"탄산수소나트륨, 탄산수소암모늄, 전지분유, 가공유지, 식염, 포도당, 곡류가공품, 기타가공품, 가공소금, 경성가공치즈, 코코넛향, 향료제제, 잔탄검, 산성아황산나트륨, 과.채가공품, 쇼트닝, 백설탕, 밀가루, 유청분말, 참깨, 식물성유지",,560,6,6167,
고르곤졸라치즈소프트콘,(주)에스디씨,P101-106000100-0142,2.01E+12,100g,690,3,59,37,5,,,,,,350,,,,,,,,3,25,0,,,,,,,,,,,,,,30g,145g,"비타민E, 탄산칼슘, 정제소금, 복합조미식품, 식물성유지, 옥수수가루",,150,1,1580,
고래밥 볶음양념맛,(주)오리온,P101-106000100-0135,1.98E+13,100g,448,8.7,13.04,73.91,10.87,,,,,,696,,,,,,,,0,7.61,0,,,,,,,,,,,,,,30g,46g,"유화제, 소스, 전분, 식물성유지, 복합조미식품, 쇼트닝, 백설탕, 곡류가공품, 변성전분, 밀가루, 산도조절제, 기타가공품, 식염, 복합조미식품",,46,1,650,
고구마깡,(주)농심,P101-106000100-0117,1.98E+13,100g,500,3.61,21.69,71.08,19.28,,,,,,446,,,,,,,,0,7.23,0,,,,,,,,,,,,,,30g,83g,"고구마향, 정제소금, 기타가공품, 프락토올리고당, 백설탕, 채종유(유채유 또는 카놀라유), 팜유, 곡류가공품",,83,1,970,
계란과자,(주)청우식품,P101-106000100-0115,2.01E+13,100g,464,6,16,74,34,,,,,,186,,,,,,,,84,3.6,0,,,,,,,,,,,,,,30g,50g,"곡류가공품, 가공버터, 난백액, 혼합분유, 글리세린지방산에스테르, 정제소금, 탄산수소암모늄, 탄산수소나트륨, 바닐린, 혼합제제, 비타민B2, 밀가루, 기타설탕, 전란액, 쇼트닝, 옥수수전분",,40,36,656,
후렌치파이사과,해태제과식품(주),P101-106000100-2006,1.99E+13,100g,462,5.38,17.69,69.23,30.77,,,,,,192,,,,,,,,4.62,10.77,0,,,,,,,,,,,,,,30g,192g,"정제수, 향료, 잔탄검, 아미드펙틴, 구연산(결정), 로커스트콩검, 펙틴, 레시틴, 쇼트닝, 정제소금, 혼합식용유, 비엘마아가린, 물엿, 밀가루, 가당사과, 마가린, 백설탕, 밀가루",,384,1,5880,
후렌치파이 매실,해태제과식품(주),P101-106000100-4308,1.99E+13,100g,455,6,19,65,27,,,,,,220,,,,,,,,4.35,10,0.2,,,,,,,,,,,,,,30g,192g,"정제수, 잔탄검, DL-사과산, 구연산(결정), 로커스트콩검, 그린칼라, 향료, 과.채가공품, 아미드펙틴, 펙틴, 향료, 레시틴, 쇼트닝, 정제소금, 혼합식용유, 마가린, 과.채가공품, 물엿, 밀가루, 기타잼, 마가린, 백설탕, 밀가루",,192,2,8385,
후렌치파이 단밤,해태제과식품(주),P101-412000100-0066,1.99E+13,100g,462,7.69,19.23,69.23,30.77,,,,,,231,,,,,,,,3.54,10.77,0.23,,,,,,,,,,,,,,70g,192g,"정제수, 잔탄검, 혼합제제, 혼합제제, 구연산(결정), 로커스트콩검, 땅콩 또는 견과류가공품, 향료, 향료, 아미드펙틴, 펙틴, 레시틴, 쇼트닝, 정제소금, 혼합식용유, 마가린, 서류가공품, 물엿, 밀가루, 기타잼, 마가린, 백설탕, 밀가루",,192,6,2980,
후레쉬베리 복숭아,(주)오리온,P101-103000400-2188,1.98E+13,100g,454,3.57,25,53.57,35.71,,,,,,125,,,,,,,,67.86,10.36,0,,,,,,,,,,,,,,30g,336g,"물엿, D-소비톨액, 물엿, 식물성유지, 식물성유지, 잼, 전란액, 밀가루, 백설탕, 기타가공품, 유청분말, 주정, 혼합제제, 유화제, 유화제, 유화제, 식물성유지, 혼합제제, 기타가공품, 구연산, 식염, 과채가공품, 홍국색소, 혼합제제, 혼합제제, 혼합제제, 혼합제제, 잔탄검",,336,4,4768,
후레쉬베리,(주)오리온 제2익산공장,P101-106000100-6405,1.98E+13,100g,420,3.33,20,56.67,36.67,,,,,,117,,,,,,16.67,,40,10.67,0,,,,,,,,,,,,,,30g,360g,"혼합제제, 향료제제, 혼합제제, 잔탄검, 비타민C, 비트레드, 향료, 식염, 기타가공품, 혼합제제, 유화제, 유화제, 유화제, 유화제, 전지분유, 유청, 주정, 혼합제제, 분말유크림, 물엿, D-소비톨액, 물엿, 식물성유지, 식물성유지, 잼, 백설탕, 전란액, 밀가루",,336,15,992,
홈런볼 피스타치오&카라멜,해태제과식품(주),P101-106000100-7131,1.99E+13,100g,580,9.09,38.64,50,31.82,,,,,,205,,,,,,,,45.45,13.64,0,,,,,,,,,,,,,,30g,44g,"정제수, 비타민B2, 바닐라향, 레시틴, 탄산수소나트륨, 탄산수소암모늄, 정제소금, 글리세린지방산에스테르, 기타가공품, 찰옥수수알파전분, 난백액, 밀가루, 마가린, 전란액, 식물성크림",,156,4,1338,
홈런볼 소금우유,해태제과식품(주),P101-106000100-2945,1.99E+13,100g,545,9,34,51,33,,,,,,280,,,,,,,,60,13,0.5,,,,,,,,,,,,,,30g,128g,"정제수, 비타민B2, 바닐라향, 레시틴, 탄산수소나트륨, 탄산수소암모늄, 정제소금, 글리세린지방산에스테르, 기타가공품, 찰옥수수알파전분, 난백액, 밀가루, 마가린, 전란액, 식물성크림",,164,5,796,
혼합강정,미성식품,P101-107000100-0895,2.00E+12,100g,380,4,1.4,88,31,,,,,,55,,,,,,,,20,0,0,,,,,,,,,,,,,,30g,5000g,"콩기름(대두유), 백설탕, 물엿, 땅콩, 퍼핑볼, 밀쌀, 쌀",,1000,1,12000,
호박찹쌀약과,주식회사 한울제과,P101-107000100-0097,2.00E+12,100g,400,6.67,9.33,76.67,13.33,,,,,,17,,,,,,,,0,1.67,0,,,,,,,,,,,,,,30g,1200g,"밀가루, 찹쌀, 호박가루, 물엿, 채종유(유채유 또는 카놀라유), 설탕, 탄산수소나트륨, 쌀조청",,40,10,900,
현미뻥,동서제과,P101-106000100-2641,2.00E+12,100g,395,6.9,2,88,20,,,,,,8,,,,,,,,0,0.4,0,,,,,,,,,,,,,,30g,6000g,"설탕, 현미",,230,1,3910,
현미과자,미성식품,P101-106000100-3798,2.00E+12,100g,385,9,2.9,81,24,,,,,,10,,,,,,,,0,0.7,0,,,,,,,,,,,,,,30g,3000g,"현미, 백설탕, 물엿, 젤라틴, 마가린",,70,1,2700,
현미강정,미성식품,P101-107000100-0886,2.00E+12,100g,375,3,2.3,86,33,,,,,,0,,,,,,,,0,0,0,,,,,,,,,,,,,,30g,5000g,"식용유지가공품, 백설탕, 물엿, 땅콩, 현미",,350,2,11605,
허니버터칩 Castle 갈릭브레드맛,해태가루비(주)제2공장,P101-104000100-1023,2.02E+13,100g,545,5.46,32.73,58.18,5.46,,,,,,436,,,,,,,,9.09,12.73,0,,,,,,,,,,,,,,30g,55g,"감자, 혼합식용유, 복합조미식품",,55,3,1837,
하비스트,롯데웰푸드(주),P101-103000100-0455,2.00E+13,100g,550,6.8,28,66,26,,,,,,480,,,,,,,,0,16,0,,,,,,,,,,,,,,30g,100g,"정제수, 팜추출물, 밀가루, 설탕, 쇼트닝, 혼합식용유, 기타설탕, 과.채가공품, 검은콩,검은깨, 기타가공품, 곡류가공품, 땅콩 또는 견과류가공품, 기타가공품, 산도조절제, 정제소금, 산도조절제, 향료, 혼합제제, 효소제제혼합제제, 계피가루",,100,1,890,
하림 오!늘단백 밀크초코 피스타치오 바,(주)삼아인터내셔날,P101-106000100-7121,1.99E+13,100g,365,33.33,14.58,37.5,6.25,14.6,,,,,521,,,,,,,,6.67,7.92,0,,,,,,,,,,,,,,30g,576g,"허브추출물, 레시틴, 피스타치오향, 피스타치오향, 혼합제제, 정제소금, 글리세린, 건조저장육류, 아몬드, 프락토올리고당, 준초콜릿, 대두단백분말, 난소화성말토덱스트린(고시형), 콜라겐, 분리유단백, 말티톨시럽, 두류가공품, 해바라기유, 땅콩 또는 견과류가공품, 땅콩 또는 견과류가공품, 폴리글리시톨시럽",,48,7,1643,
플랑 납작복숭아,(주)청우식품,P101-106000100-1936,2.01E+13,100g,425,4,15,68,30,,,,,,115,,,,,,,,20,5,0,,,,,,,,,,,,,,30g,160g,"가당연유, 곡류가공품, 물엿, 전란액, 과.채가공품, 물엿, 설탕, 기타설탕, 쇼트닝, 밀가루, 덱스트린, 가공치즈, 정제수, 혼합제제, 자주색고구마색소, DL-사과산, 구연산, 탄산수소나트륨, 향료, 향료, 탄산수소암모늄, 레시틴, 아미드펙틴, 정제소금",,160,4,4050,
플랑,(주)청우식품,P101-103000400-1983,2.01E+13,100g,415,4,13,70,32,,,,,,177,,,,,,,,18,4,0,,,,,,,,,,,,,,30g,160g,"밀가루, 혼합제제, 구연산, 향료, 탄산수소나트륨, 탄산수소암모늄, 레시틴, 아미드펙틴, 정제소금, 덱스트린, 기타과당, 복합조미식품, 가당연유, 물엿, 마가린, 곡류가공품, 전란액, 과.채가공품, 쇼트닝, 물엿, 설탕, 기타설탕, 혼합제제, 바닐린, 비타민B2, 정제수",,160,3,4713,
프레첼체다치즈맛,(주)위너스,P101-106000100-1915,2.01E+11,100g,429,8.24,10.59,74.12,3.53,,,,,,706,,,,,,,,5.88,0,4.12,,,,,,,,,,,,,,30g,85g,"프레첼, 팜올레인유, 복합조미식품, 복합조미식품, 복합조미식품",,85,1,1200,
프레첼 사워크림어니언맛,주식회사 위너스,P101-106000100-6964,2.01E+12,100g,438,10.67,11.86,72.1,8.58,,,,,,472,,,,,,,,0.77,5,0.06,,,,,,,,,,,,,,30g,100g,"과자, 팜올레인유, 복합조미식품, 복합조미식품",,85,5,2700,
포테토칩 먹태청양마요맛,(주)농심,P101-106000100-2915,1.99E+13,100g,560,6.2,36,54,4,,,,,,540,,,,,,,,10,12,0,,,,,,,,,,,,,,30g,50g,"감자, 채종유(유채유 또는 카놀라유), 팜유류, 복합조미식품",,60,4,1300,
포키 블루베리,해태제과식품(주),P101-103000400-1914,1.99E+13,100g,500,7.32,19.51,73.17,41.46,,,,,,268,,,,,,,,7.32,14.63,0,,,,,,,,,,,,,,30g,41g,"정제수, 정제효소제, DL-사과산, 혼합제제, 향료, 탄산수소나트륨, 제삼인산나트륨, 버터, 향료, 효모, 정제소금, 전분가공품, 곡류가공품, 전지분유, 동결건조블루베리, 쇼트닝, 동결건조블루베리분말, 백설탕, 강력분, 식물성크림",,,10,2987,
포키 극세 멜론,해태제과식품(주)천안2공장,P101-106000100-7037,1.99E+13,100g,488,7.32,19.51,70.73,39.02,,,,,,232,,,,,,,,0,14.63,0,,,,,,,,,,,,,,30g,41g,"강력분, 식물성크림, 정제수, 정제효소제, 효모, 탄산수소나트륨, 향료, 혼합제제, DL-사과산, 제삼인산나트륨, 버터, 복합조미식품, 향료, 고형차, 정제소금, 향료, 전지분유, 멜론분말, 쇼트닝, 백설탕",,41,1,4650,
포카칩 스윗치즈맛,(주)오리온,P101-104000100-0647,1.99E+13,100g,592,6.67,38.33,55,3.33,,,,,,367,,,,,,,,0,15,0.83,,,,,,,,,,,,,,30g,60g,"복합조미식품, 식물성유지, 감자",,60,3,1750,
티젠 티오마카세 말차 와플,서주푸드 주식회사,P101-429000100-0002,1.99E+13,100g,414,6,13,77,0,,,,,,318,,,,,,,,22,8,0,,,,,22.1,,,,,,,,,70g,110g,"밀가루, D-말티톨, 쇼트닝, 정제수, 전란액, 가공버터, 고형차, 산도조절제, 정제소금, 향료, 레시틴, 수크랄로스, 바닐린, 아세설팜칼륨",,110,1,3770,
트위스트,(주)코스모스제과,P101-104000100-1005,1.99E+11,100g,520,6.54,26.26,64.33,13.65,,,,,,241,,,,,,,,0,12.18,0.04,,,,,,,,,,,,,,30g,100g,"밀가루, 당류가공품, 팜올레인유, 육두구분말, 탄산수소나트륨, 합성향료, 혼합제제, 혼합제제, 가공연유, 탄산수소암모늄, 정제소금, 과.채가공품, 식물성크림, 복합조미식품, 땅콩버터, 물엿",,50,1,390,
트러플 감자칩,해태가루비(주) 제 2공장,P101-106000100-2563,2.02E+12,100g,600,6.67,43.33,46.67,3.33,,,,,,533,,,,,,,,0,13.33,0,,,,,,,,,,,,,,30g,60g,"혼합식용유, 감자, 복합조미식품",,60,1,3100,
통산자,한울제과,P101-107000100-1272,2.00E+12,100g,367,3.33,0.67,86.67,56.67,,,,,,67,,,,,,,,0,0.33,0,,,,,,,,,,,,,,30g,150g,"설탕, 곡류가공품, 곡류가공품, 물엿",,,1,3500,
태양의 맛! 썬,농업회사법인오리온농협(주),P101-106000100-1827,2.02E+11,100g,520,6.67,26.67,63.33,6.67,,,,,,433,,,,,,,,0,10.67,0,,,,,,,,,,,,,,30g,64g,"옥수수, 혼합식용유, 통밀, 쌀, 귀리분말, 설탕, 복합조미식품",,273,2,4075,
태양의 맛! 썬 갈릭바게트맛,농업회사법인오리온농협주식회사,P101-104000100-0999,2.02E+12,100g,503,6.67,23.33,66.67,13.33,,,,,,433,,,,,,,,0,10,0,,,,,,,,,,,,,,30g,80g,"곡류가공품, 기타가공품, 곡류가공품, 설탕, 복합조미식품, 귀리분말, 쌀, 식물성유지, 통밀, 옥수수",,135,1,2100,
크레오파트라 솔트앤와사비,(주)농심,P101-106000100-4495,1.99E+13,100g,560,4.8,36,54,4,,,,,,580,,,,,,,,0,10,0,,,,,,,,,,,,,,30g,50g,"복합조미식품, 팜유류, 채종유(유채유 또는 카놀라유), 감자",,50,3,5040,
크라운산도딸기,(주)크라운제과,P101-103000400-1663,2.01E+13,100g,503,5,23,69,26,,,,,,310,,,,,,,,10,15,0,,,,,,,,,,,,,,30g,161g,"밀가루, 쇼트닝, 포도당, 설탕, 쇼트닝, 기타설탕, 덱스트린, 전란액, 혼합식용유, 기타가공품, 물엿, 딸기분말, 정제소금, 탄산수소암모늄, 탄산수소나트륨, 구연산, 제일인산칼슘, 유함유가공품, 유화제, 딸기향, 혼합제제, 프로테아제(세균성), 딸기향, 밀크향, 바닐린",,323,1,5160,
쿠크다스화이트,(주)크라운제과,P101-103000400-1635,2.01E+12,100g,549,5.56,31.94,59.72,38.89,,,,,,208,,,,,,,,13.89,20.83,0,,,,,,,,,,,,,,30g,72g,"과.채가공품, 밀가루, 설탕, 바닐린, 코코넛향, 바닐라향, 준초콜릿, 기타가공품, 혼합식용유, 가공치즈, 유화제, 산도조절제, 정제소금, 혼합제제, 가공유지, 혼합분유, 가공버터, 가공유지, 유당, 난백액, 쇼트닝, 기타가공품",,128,9,3324,
쿠크다스케이크,(주)크라운제과,P101-103000400-1633,2.01E+13,100g,517,6,35,47,28,,,,,,170,,,,,,,,90,17,0,,,,,,,,,,,,,,30g,140g,"유화제, 코코넛향, 밀크향, 바닐라향, 젤라틴, 정제소금, 베이킹파우더, 가공치즈, 주정, 분리유단백분말, 기타가공품, 과.채가공품, D-소비톨액, 곡류가공품, 준초콜릿, 유크림, 말티톨시럽, 혼합분유, 물엿, 쇼트닝, 밀가루, 가공유지, 설탕, 전란액",,154,4,2540,
쿠크다스커피,㈜크레인제과,P101-106000100-1788,2.01E+12,100g,547,6,31,61,37,,,,,,180,,,,,,,,10,21,0,,,,,,,,,,,,,,30g,289g,"쇼트닝, 가공치즈, 커피향, 기타가공품, 커피, 설탕, 기타가공품, 과.채가공품, 밀가루, 코코넛향, 준초콜릿, 혼합식용유, 혼합분유, 유화제, 정제소금, 산도조절제, 혼합제제, 가공유지, 유당, 가공버터, 가공유지, 난백액",,,1,3990,
쿠크다스 딸기,(주)크라운제과,P101-106000100-6957,2.01E+13,100g,537,6,29,63,38,,,,,,200,,,,,,,,10,19,0,,,,,,,,,,,,,,30g,289g,"식물성크림, 밀가루, 코코넛향, 탄산수소나트륨, 정제소금, 유화제, 혼합식용유, 혼합제제, 기타가공품, 과.채가공품, 준초콜릿, 가공버터, 난백액, 쇼트닝, 설탕",,,2,9560,
T STANDARD 콘칩,미찌푸드(주),P101-106000100-1783,2.01E+11,100g,503,6.67,23.33,66.67,3.33,,,,,,487,,,,,,,,0,9.67,0,,,,,,,,,,,,,,30g,730g,"복합조미식품, 팜올레인유, 과자류",,730,1,4580,
카카오와플,(주)삼아인터내셔날,P101-103000400-1530,1.99E+13,100g,510,8.33,26.39,59.72,20.83,,,,,,264,,,,,,,,55.56,15.28,0.56,,,,,,,,,,,,,,30g,72g,"밀가루, 버터, 설탕, 코코아분말, 쌀조청, 유정란, 기타소금",,72,3,5233,
칙촉,롯데웰푸드주식회사,P101-106000100-4257,1.98E+12,100g,504,6.67,25.83,60.83,34.17,,,,,,392,,,,,,,,54.17,17.5,0.33,,,,,,,,,,,,,,30g,120g,"기타가공품, 밀가루, 글리세린지방산에스테르, 레시틴, 정제소금, 초콜릿, 초콜릿, 버터, 기타설탕, 당류가공품, 전란액, 마가린, 혼합분유, 과.채가공품, 폴리글리시톨시럽, 글리세린, 산도조절제, 혼합제제, 산도조절제, 산도조절제",,120,20,1720,
치토스 스모키바베큐맛,롯데제과(주),P101-106000100-1743,1.98E+13,100g,585,6.71,35.37,59.76,2.44,,,,,,573,,,,,,,,0,15.85,0.37,,,,,,,,,,,,,,30g,82g,"곡류가공품, 쌀, 복합조미식품, 식물성유지, 옥수수",,82,6,1170,
치즈쿠키,(주)대산후드,P101-103000100-1558,1.99E+13,100g,538,5.88,28.82,63.53,27.65,,,,,,153,,,,,,,,17.65,12.94,0.29,,,,,,,,,,,,,,30g,170g,"쇼트닝, 가공버터, 설탕, 정제소금, 탄산수소나트륨, 효모추출물, 체다치즈분말, 버터향, 전란액, 밀가루, 식물성크림, 정제수",,1000,1,14480,
치즈뿌린 치킨팝,농업회사법인오리온농협(주),P101-103000400-1469,2.02E+12,100g,515,4.94,25.93,65.43,27.16,,,,,,481,,,,,,,,0,11.11,0,,,,,,,,,,,,,,30g,81g,"곡류가공품, 식물성유지, 설탕, 곡류가공품, 쌀, 복합조미식품, 물엿, 복합조미식품, 복합조미식품, 과.채가공품, 태움용융소금, 합성향료",,65,1,1000,
촉촉한초코칩,(주)오리온제2익산공장,P101-104000100-0992,1.98E+12,100g,510,5,30,55,30,,,,,,200,,,,,,,,25,18.5,1.75,,,,,,,,,,,,,,30g,160g,"밀가루, 준초콜릿, 쇼트닝, 물엿, 전란액, 전지분유, 백설탕, 코코아분말, 코코아분말, 당류가공품, 식염, 기타코코아가공품, 향료, 향료, 잔탄검, 혼합제제, 혼합제제",,20,16,1716,
초코칩쿠키 말차라떼맛,(주)오리온제2익산공장,P101-103000100-4344,1.98E+13,100g,494,5,22,69,28,,,,,,250,,,,,,,,11,12,0.9,,,,,,,,,,,,,,30g,104g,"물엿, 식물성크림, 전지분유, 기타 농산가공품, 쇼트닝, 전란액, 백설탕, 쇼트닝, 준초콜릿, 밀가루, 탄산수소암모늄, 기타가공품, 혼합제제, 바닐린, 향료, 버터오일, 레시틴, 식염, 탄산수소나트륨",,256,3,4160,
초코브라우니,낵스,P101-425000100-0021,2.03E+12,100g,466,7.44,30.4,47.6,37.2,,,,,,161,,,,,,,,81.6,19.2,0,,,,,,,,,,,,,,70g,25g,"정제소금, 바닐라에센스, 코코아분말, 초콜릿류, 중력분, 마가린, 계란, 갈색설탕, 다크 초콜릿 컴파운드 칩",,25,40,416,
그린티포레 휘낭시에,깐깐제과,P101-435000100-0152,2.02E+13,100g,455,6,23,55,35,,,,,,240,,,,,,,,31,12,0.4,,,,,,,,,,,,,,70g,100g,"난백액, 설탕, 가공버터, 준초콜릿, 초콜릿가공품, 땅콩 또는 견과류가공품, 밀가루, 물엿, 고형차, 코코아분말, 가공소금",,,1,2100,
초이스엘 왕소라형 과자,(주)코스모스제과,P101-106000100-1709,1.99E+12,100g,450,6.67,16.67,70,20,,,,,,317,,,,,,,,0,6.67,0,,,,,,,,,,,,,,30g,53g,"밀가루, 당류가공품, 물엿, 땅콩버터, 코코넛크림, 참깨, 정제소금, 기타가공품, 팜올레인유, 우유, α-아밀라아제(세균성)",,56,1,600,
체다치즈볼,(주)에스디씨,P101-106000100-1704,2.01E+12,100g,500,5,24,66,10,,,,,,1390,,,,,,,,3,11,0,,,,,,,,,,,,,,30g,370g,"옥수수가루, 식물성유지, 복합조미식품, 쌀가루, 기타가공품, 분말셀룰로스, 정제소금, 탄산칼슘, 파프리카추출색소, 비타민E",,370,2,8075,
찹쌀약과,한울제과,P101-107000100-1643,2.00E+12,100g,383,3.33,6.33,76.67,10,,,,,,50,,,,,,,,0,1,0,,,,,,,,,,,,,,30g,300g,"조청, 탄산수소나트륨, 식용유, 밀가루, 물엿, 설탕, 찹쌀",,40,1,530,
참깨스틱 진,(주)청우식품,P101-106000100-1673,2.01E+12,100g,455,8.24,12.94,76.47,21.18,,,,,,494,,,,,,,,0,5.53,0,,,,,,,,,,,,,,30g,85g,"정제수, 향신료올레오레진류, 프로테아제, 가공치즈, 참기름, 탄산수소나트륨, 포도당, 탄산수소암모늄, 정제소금, 기타 농산가공품, 식물성크림, 쇼트닝, 팜유, 설탕, 밀가루, 기타 농산가공품",,85,10,790,
참그레인샌드,(주)크라운제과,P101-106000100-1663,2.01E+13,100g,489,6.25,20.31,70.31,34.38,,,,,,469,,,,,,,,0,10.94,0,,,,,,,,,,,,,,30g,64g,"식물성크림, 밀크향, 기타가공품, 가공치즈, 감초추출물, 복합조미식품, 정제효소제, 탄산수소나트륨, 탄산수소암모늄, 곡류가공품, 유청, 혼합분유, 정제소금, 곡류가공품, 서류가공품, 기타과당, 밀가루, 혼합분유, 밀가루, 혼합식용유, 포도당, 설탕, 쇼트닝, 옥수수기름(옥배유), 옥수수전분, 향료, 밀가루",,48,12,1884,
참그레인 우리밀,(주)크라운제과,P101-106000100-3267,2.01E+13,100g,484,7,20,69,20,,,,,,550,,,,,,,,5,10,0,,,,,,,,,,,,,,30g,192g,"혼합분유, 유청, 호밀분말, 탄산수소암모늄, 탄산수소나트륨, 밀크향, 향료, 벌꿀향, 벌꿀분말, 복합조미식품, 감초추출물, 프로테아제, 아스파라지나아제, 가공치즈, 기타가공품, 밀가루, 식물성크림, 옥수수전분, 옥수수기름(옥배유), 쇼트닝, 설탕, 밀가루, 포도당, 혼합식용유, 혼합분유, 기타과당, 서류가공품, 곡류가공품, 정제소금",,48,1,590,
찍먹 예감 치폴레마요소스맛,(주)오리온제2익산공장,P101-106000100-4242,1.98E+13,100g,461,3.95,23.68,57.9,15.79,,,,,,763,,,,,,,,4.61,9.21,0.46,,,,,,,,,,,,,,30g,76g,"서류가공품, 서류가공품, 소스, 혼합식용유, 전분, 백설탕, 복합조미식품, 곡류가공품, 복합조미식품, 탄산수소나트륨, 식물성크림, 복합조미식품, 전지분유, 식염, 가공치즈, 혼합제제, 아스파라지나아제, 복합조미식품",,76,6,1220,
찍먹 예감 짜장불닭마요맛,(주)오리온제2익산공장,P101-104000100-1969,1.98E+13,100g,481,4.35,23.19,63.77,8.7,,,,,,667,,,,,,,,0,8.7,0,,,,,,,,,,,,,,30g,276g,"식물성크림, 전지분유, 식염, 기타가공품, 과.채가공품, 카카오색소, 아스파라지나아제, 서류가공품, 서류가공품, 소스, 혼합식용유, 전분, 백설탕, 복합조미식품, 곡류가공품, 탄산수소나트륨, 제일인산칼슘, 복합조미식품",,276,2,7335,
찍먹 예감 불고기맛,(주)오리온제2익산공장,P101-104000100-1968,1.98E+13,100g,480,4.35,21.74,66.67,8.7,,,,,,449,,,,,,,,0,10.15,0,,,,,,,,,,,,,,30g,276g,"복합조미식품, 아스파라지나아제, 건파플레이크, 복합조미식품, 기타가공품, 식염, 전지분유, 식물성크림, 복합조미식품, 제일인산칼슘, 탄산수소나트륨, 곡류가공품, 복합조미식품, 백설탕, 전분, 혼합식용유, 소스, 서류가공품, 서류가공품",,276,4,7102,
찍먹 예감 갈릭청양마요소스맛,(주)오리온제2익산공장,P101-106000100-4241,1.98E+13,100g,512,5.26,32.9,48.69,10.53,,,,,,618,,,,,,,,6.58,11.84,0.46,,,,,,,,,,,,,,30g,76g,"서류가공품, 서류가공품, 소스, 혼합식용유, 전분, 백설탕, 복합조미식품, 곡류가공품, 복합조미식품, 탄산수소나트륨, 제일인산칼슘, 식물성크림, 전지분유, 식염, 기타가공품, 복합조미식품, 건파플레이크, 아스파라지나아제, 복합조미식품",,76,3,1490,
찍먹 나쵸 치폴레마요소스맛,(주)오리온제4청주공장,P101-106000100-2493,1.99E+13,100g,450,4.76,21.43,59.53,7.14,,,,,,476,,,,,,,,5.95,7.14,0,,,,,,,,,,,,,,30g,84g,"L-시스틴, L-프롤린, 포도당, 수산화칼슘, 복합조미식품, 식물성유지, 옥수수",,168,14,753,
쫄병 짜파게티맛,(주)농심,P101-106000100-1654,2.00E+13,100g,500,6.67,26.67,60,9,,,,,,833,,,,,,,,0,12.33,0,,,,,,,,,,,,,,30g,77g,"밀가루, 정제팜유, 옥수수전분, 복합조미식품, 소스, 기타가공품, 설탕, 정제소금, 정제수, 혼합제제, 효소처리스테비아, 덱스트린, 감자전분, 향미유",,77,15,1550,
쫀득초코칩딸기,(주)청우식품,P101-106000100-7108,1.99E+13,100g,401,4,13,67,34,,,,,,180,,,,,,,,20,5,0,,,,,,,,,,,,,,30g,240g,"혼합제제, 밀가루, 설탕, 물엿, 쇼트닝, 준초콜릿, 찰옥수수전분, 폴리글리시톨액, 전란액, D-소비톨액, 기타과당, 찹쌀, 혼합제제, 과.채가공품, 당류가공품, 정제소금, 향료, 주정, 정제수, 혼합제제, 혼합제제, 탄산수소암모늄, 탄산수소나트륨, 혼합제제",,240,2,13340,
쫀득초코칩 커피,(주)청우식품,P101-106000100-2882,1.99E+13,100g,407,4,15,64,32,,,,,,190,,,,,,,,20,4.1,0,,,,,,,,,,,,,,30g,240g,"정제수, 카라멜색소 Ⅲ, 혼합제제, 탄산수소암모늄, 향료, 혼합제제, 혼합제제, 탄산수소나트륨, 정제소금, 커피, 당류가공품, 주정, 커피, 찹쌀, D-소비톨, 전란액, 폴리글리시톨시럽, 찰옥수수전분, 준초콜릿, 쇼트닝, 물엿, 설탕, 밀가루, 혼합제제, 코코아분말",,90,3,4153,
쫀득초코칩 초코바나나,(주)청우식품,P101-103000100-5235,1.99E+13,100g,397,4,13,66,34,,,,,,180,,,,,,,,17,4,0,,,,,,,,,,,,,,30g,240g,"과.채가공품, 혼합제제, 코코아분말, 찹쌀, 기타과당, 전란액, D-소비톨액, 폴리글리시톨시럽, 찰옥수수전분, 준초콜릿, 쇼트닝, 물엿, 설탕, 밀가루, 혼합제제, 당류가공품, 정제소금, 탄산수소나트륨, 정제수, 혼합제제, 향료, 탄산수소암모늄, 레시틴, 바닐린, 혼합제제, 치자황색소, 비타민B2, 주정",,,3,2833,
짱이야,(주)코스모스제과,P101-106000100-1649,1.99E+11,100g,527,5.36,26.79,62.5,14.29,,,,,,232,,,,,,,,0,8.93,0,,,,,,,,,,,,,,30g,56g,"계피가루, 혼합제제, 탄산수소나트륨, 혼합제제, 육두구파우더, 땅콩버터, 물엿, 당류가공품, 팜올레인유, 밀가루, 기타가공품, 탄산수소암모늄, 참깨, 정제소금, 과.채가공품, 식물성크림",,50,1,500,
짱구,삼양식품(주)원주공장,P101-106000100-1647,1.99E+13,100g,517,5.22,21.74,58.26,7.83,,,,,,217,,,,,,,,0,11.31,0,,,,,,,,,,,,,,30g,115g,"정제수, 밀가루, 물엿, 설탕, 정제팜유, 기타가공품, 향료, EPA 및 DHA 함유 유지(고시형), 천연향신료, 향료제제, 벌꿀, 올리고당, 탄산수소나트륨, 천연향신료, 식품첨가물, 탄산수소암모늄, 식물성크림, 기타 농산가공품, 정제소금",,115,1,900,
제로 쿠앤크 샌드 스트로베리&밀크,롯데웰푸드(주),P101-103000100-4521,2.00E+13,100g,481,4.32,23.75,69.1,0.26,,,,,,275,,,,,,,,1.55,12.84,0.4,,,,,,,,,,,,,,30g,288g,"쇼트닝, D-말티톨, 박력분, 식물성유지, 쇼트닝, 코코아분말, 식물성크림, 전분가공품, 산도조절제, 정제소금, 향료, 바닐린, 산도조절제, 가공치즈, 산도조절제, 유화제, 향료, 유청단백분말, 딸기 과즙(착즙)분말, 구연산, 비트레드, 향료, 향료, 기타가공품, 정제소금, 천연감미료혼합제제분말, 천연감미료혼합제제분말, 정제수",,,2,7760,
제로 카카오 케이크,롯데웰푸드(주),P101-106000100-1586,1.98E+13,100g,441,6.99,28.67,48.95,0,2.8,,,,,385,,,,,,,,34.97,14.69,0,,,,,,,,,,,,,,30g,171g,"치커리식이섬유, 곡류가공품, 기타가공품, 활성글루텐, 코코아매스, 쇼트닝, 쇼트닝, 정제수, 폴리글리시톨시럽, 쇼트닝, 전란액, D-말티톨, 밀가루, 코코아분말, 혼합제제, 혼합제제, 향료, 향료, 향료, 향료, 커피, 일반증류주, 정제소금, 유크림, 혼합제제, 코코아분말, 과.채가공품, 제일인산칼슘, 탄산수소암모늄, 탄산수소나트륨, 글리세린, 난백분, 주정, 코코아분말, 가공치즈, 혼합제제, 유화제, 유화제, 바닐린, 아세설팜칼륨, 수크랄로스, 향료제제",,171,4,3562,
제로 초콜릿칩 쿠키,롯데제과㈜,P101-103000400-1315,1.98E+13,100g,470,9,26,60,0,,,,,,440,,,,,,,,45,14,0.35,,,,,,,,,,,,,,30g,168g,"초콜릿, 밀가루, 가공버터, D-소비톨액, 전란액, D-말티톨, 에리스리톨, 식물성유지, 폴리글리시톨시럽, 밀단백, 과.채가공품, 산도조절제, 변성전분, 산도조절제, 코코아분말, 정제소금, 산도조절제, 레시틴, 천연향료, 혼합제제, 혼합제제, 수크랄로스, 아세설팜칼륨, 계피가루",,,2,2450,
자꾸자꾸 손이 가는 담백함! 두부과자 역시 배민이지,(주)코스모스제과,P101-106000100-3676,1.99E+13,100g,520,7.2,26.45,62.23,8.9,,,,,,522,,,,,,,,8.68,11.24,0.12,,,,,,,,,,,,,,30g,100g,"참깨, 우유, 계란, 소스, 정제소금, 혼합제제, 복합조미식품, 효모, 혼합제제, 두부, 밀가루, 팜올레인유, 분당",,135,16,1053,
자가비 허니버터맛,해태가루비(주),P101-104000100-0982,2.00E+13,100g,600,6.67,43.33,46.67,3.33,,,,,,400,,,,,,,,0,15.33,0,,,,,,,,,,,,,,30g,45g,"냉동감자, 혼합식용유, 복합조미식품, d-토코페롤(혼합형)",,60,1,940,
자가비 케첩맛,해태가루비(주),P101-106000100-3674,2.00E+13,100g,567,6.67,36.67,53.33,3.33,,,,,,383,,,,,,,,0,10.67,0,,,,,,,,,,,,,,30g,90g,"d-토코페롤(혼합형), 혼합식용유, 복합조미식품, 냉동감자",,90,1,2260,
이마시야 광천 김 두부과자,(주)코스모스제과,P101-106000100-4465,1.99E+13,100g,517,7.24,26.3,62.75,5.51,,,,,,504,,,,,,,,8.09,10.5,0.06,,,,,,,,,,,,,,30g,100g,"복합조미식품, 프로테아제, 효모, 혼합제제, 정제소금, 소스, 조미김, 참깨, 계란, 우유, 두부, 분당, 팜올레인유, 밀가루, 혼합제제",,135,16,1053,
삼아 우유 웨하스,(주)삼아인터내셔날,P101-105000100-0255,1.99E+13,100g,545,4.9,31.31,60.98,29.62,,,,,,142,,,,,,,,4,23.01,0.03,,,,,,,,,,,,,,30g,350g,"바닐린, 산성피로인산나트륨, 탄산수소나트륨, 우유, 정제소금, 향료, 레시틴, 해바라기유, 전지분유, 포도당, 덱스트린, 식물성크림, 유당, 유청, 설탕, 야자유, 밀가루",,100,3,5850,
우리밀 샤르르와플,(주)삼아인터내셔날,P101-106000100-1394,1.99E+13,100g,500,11.25,23.75,61.25,32.5,,,,,,325,,,,,,,,125,15,0,,,,,,,,,,,,,,30g,80g,"백밀가루, 밀가루, 무염버터, 유정란, 정제소금, 백설탕, 당밀시럽",,80,1,3000,
삼아 미니 우리밀 웨하스,(주)삼아인터내셔날,P101-105000100-0248,1.99E+13,100g,519,7.5,26.25,63.75,25,,,,,,163,,,,,,,,0,17.5,0,,,,,,,,,,,,,,30g,80g,"밀가루, 식물성유지, 포도당, 백설탕, 탈지분유, 유청분말, 전란액, 탄산수소암모늄, 탄산수소나트륨, 향료, 정제소금, 당류가공품",,300,2,4875,
왕짱구,삼양식품(주),P101-106000100-1372,1.99E+13,100g,533,6.67,26.67,66.67,10,,,,,,250,,,,,,,,0,13.33,0,,,,,,,,,,,,,,30g,250g,"올리고당, 탄산수소나트륨, 밀가루, 정제수, 팜유, 설탕, 물엿, 정제소금, 기타 농산가공품, 식물성크림, 탄산수소암모늄, 식품첨가물, 천연향신료, 벌꿀, 향료제제, 천연향신료, EPA 및 DHA 함유 유지(고시형), 향료, 기타가공품",,275,5,4450,
와사비새우깡,(주)농심,P101-104000100-1154,1.98E+13,100g,500,6.29,22.86,67.14,8.57,,,,,,686,,,,,,,,4.29,8.57,0,,,,,,,,,,,,,,30g,70g,"밀가루, 옥수수전분, 미강유(현미유), 팜유, 냉동새우, 복합조미식품, 식품첨가물혼합제제, 기타가공품, 향미유",,,6,958,
옥수수깡,(주)농심,P101-106000100-1341,2.00E+13,100g,529,4.29,28.57,64.29,18.57,,,,,,471,,,,,,,,0,8.57,0,,,,,,,,,,,,,,30g,70g,"곡류가공품, 복합조미식품, 밀가루, 정제팜유, 곡류가공품, 설탕, 채종유(유채유 또는 카놀라유), 곡류가공품, 혼합제제, 향료, 혼합제제, 버터, 정제수",,70,6,980,
옥수수 고추맛콘,(주)광일식품,P101-106000100-1339,1.99E+13,100g,467,3.33,16.67,73.33,13.33,,,,,,567,,,,,,,,0,7.67,0,,,,,,,,,,,,,,30g,1000g,"곡류가공품, 설탕, 팜올레인유, 물엿, 정제소금, 천연향신료, 복합조미식품, 탄산수소나트륨, 고춧가루",,1000,1,6900,
옥수수 에이콘,(주)광일식품,P101-106000100-2390,1.99E+13,100g,474,4,18,74,20,,,,,,546,,,,,,,,0,8,0,,,,,,,,,,,,,,30g,50g,"곡류가공품, 정제수, 천연향신료, 가공소금, 정제소금, 기타소금, 팜올레인유, 설탕",,55,20,562,
옥수수 미니콘,(주)광일식품,P101-104000100-0586,1.99E+13,100g,440,4.5,12.17,78.13,17.7,,,,,,630,,,,,,,,0,6.71,0,,,,,,,,,,,,,,30g,50g,"정제수, 밀가루, 가공소금, 기타소금, 정제소금, 물엿, 팜올레인유, 설탕, 곡류가공품",,50,12,712,
오프라이스 나쵸칩 오리지널,미찌푸드주식회사,P101-104000100-0968,2.01E+13,100g,513,6,25,66,1,,,,,,346,,,,,,,,0,10,0,,,,,,,,,,,,,,30g,100g,"정제소금, 곡류가공품, 복합조미식품, 팜올레인유, 곡류가공품",,100,10,2005,
오사쯔,해태제과식품(주),P101-106000100-1310,1.98E+13,100g,600,3.33,40,56.67,16.67,,,,,,400,,,,,,,,0,3.33,0,,,,,,,,,,,,,,30g,120g,"고구마향, 야자유, 복합조미식품, 혼합식용유, 곡류가공품",,60,16,880,
오리지널 나쵸,미찌푸드(주),P101-104000100-0139,2.01E+13,100g,516,5.79,25.26,66.32,1.58,,,,,,346,,,,,,,,0,9.47,0.11,,,,,,,,,,,,,,30g,190g,"곡류가공품, 팜올레인유, 복합조미식품, 곡류가공품, 정제소금",,100,10,2005,
오리지널 콘칩,미찌푸드주식회사,P101-104000100-0832,2.01E+13,100g,503,6.67,23.33,66.67,1.11,,,,,,272,,,,,,,,0,12.22,0,,,,,,,,,,,,,,30g,90g,"과자류, 팜올레인유, 복합조미식품",,230,8,2610,
오리온 카스타드 딸기생크림,(주)오리온제4청주공장,P101-106000100-3627,1.99E+13,100g,406,5,25,52,29,,,,,,150,,,,,,,,73,10,0,,,,,,,,,,,,,,30g,276g,"혼합제제, 유크림, 백설탕, 밀가루, 전란액, 식물성유지, 식물성유지, 이소말토올리고당, 혼합제제, 물엿, 유화제, 유화제, 유화제, 식물성유지, D-소비톨액, 식물성크림, 탈지분유, 주정, 전지분유, 기타 식용유지가공품, 가당딸기다이스, 식염, 팽창제제, 버터오일, 향료제제, 잔탄검, 향료, 향료, 향료, 홍국색소, 비타민C, 기타가공품, 팜추출물",,276,20,1730,
오란다,(주)광일식품,P101-107000100-0051,1.99E+12,100g,455,8.43,15.1,71.3,29.1,,,,,,253,,,,,,,,0,6.81,0.03,,,,,,,,,,,,,,30g,100g,"밀가루, 물엿, 설탕, 팜올레인유, 포도당, 정제소금, 효모, 마가린, 참깨",,250,6,1693,
오뜨 치즈,(주)오리온,P101-106000100-1276,1.98E+13,100g,458,8.33,25,50,29.17,,,,,,313,,,,,,,,75,12.92,0.25,,,,,,,,,,,,,,30g,288g,"가공치즈, 혼합제제, 혼합제제, 혼합제제, 혼합제제, 식염, 과채가공품, 잔탄검, 혼합제제, 물엿, 과채가공품, 가공치즈, 식물성유지, 전지분유, 백설탕, 마가린, 기타설탕, 식물성크림, 전란액, 밀가루, 주정",,144,13,2685,
찍먹 오!감자 양념바베큐소스맛,(주)오리온,P101-106000100-1267,1.99E+13,100g,450,2.33,23.33,56.67,13.33,,,,,,533,,,,,,,,0,9.67,0.33,,,,,,,,,,,,,,30g,75g,"효소, 혼합제제, 식염, 밀가루, 복합조미식품, 변성전분, 감자전분, 변성전분, 서류가공품, 식물성유지, 감자플레이크",,75,12,1168,
오!감자 감자그라탕맛,(주)오리온,P101-106000100-1265,1.99E+13,100g,553,3.33,33.33,60,2.33,,,,,,567,,,,,,,,0,12.33,0,,,,,,,,,,,,,,30g,115g,"효소, 혼합제제, 식염, 밀가루, 복합조미식품, 변성전분, 감자전분, 변성전분, 감자그래뉼, 식물성유지, 감자플레이크",,50,1,710,
오!감자 어니언맛,(주)오리온,P101-106000100-3178,1.99E+13,100g,562,6,34,58,4,,,,,,500,,,,,,,,0,12,0,,,,,,,,,,,,,,30g,50g,"감자플레이크, 식물성유지, 변성전분, 서류가공품, 복합조미식품, 감자전분, 호화밀가루, 식염, 전지분유, 복합조미식품, 효소",,,4,3915,
예감 치즈그라탕맛,(주)오리온,P101-106000100-3177,1.98E+12,100g,494,4.41,24.12,64.71,11.77,,,,,,588,,,,,,,,0,11.77,2.06,,,,,,,,,,,,,,30g,204g,"아스파라지나아제, 혼합제제, 가공치즈, 식염, 전지분유, 식물성크림, 산도조절제, 복합조미식품, 복합조미식품, 복합조미식품, 알파옥수수분말, 복합조미식품, 백설탕, 서류가공품, 전분, 식물성유지, 서류가공품",,204,1,3580,
에이스,해태제과식품(주),P101-103000400-1024,1.99E+12,100g,540,7,30,61,8,,,,,,490,,,,,,,,3,15,0.7,,,,,,,,,,,,,,30g,121g,"정제수, 밀가루, 쇼트닝, 혼합식용유, 백설탕, 곡류가공품, 탄산수소암모늄, 분말결정포도당, 조제분, 전지분유, 정제소금, 천일염, 가공유크림, 탄산수소나트륨, 밀크향, 제일인산칼슘, Prozyme500, Maxazyme NNP-DS, 비타민B2, 비타민 B1염산염(고시형)",,121,1,890,
포토이 에그타르트,낵스,P101-106000100-6215,2.03E+12,100g,145,1,8,14,13,,,,,,55,,,,,,,,25,4,0,,,,,,,,,,,,,,30g,750g,"계란노른자액, 우유, 박력분, 가공소금, 바닐라시럽, 정제수, 설탕, 가공버터, 생크림",,95,1,3150,
엄마손파이 스윗버터갈릭,롯데웰푸드주식회사,P101-412000100-0058,1.98E+13,100g,531,6.69,28.74,61.42,24.02,,,,,,421,,,,,,,,8.27,14.96,0.35,,,,,,,,,,,,,,70g,254g,"밀가루, 마가린, 밀가루, 정제수, 마가린, 설탕, 설탕, 혼합분유, 가공버터, 정제소금, 향료제제, 복합조미식품, 기타가공품, 천연향신료",,254,8,4488,
양념치킨맛 새우칩,(주)코스모스제과,P101-104000100-1950,1.99E+13,100g,530,1.19,29.82,64.26,10.46,,,,,,1303,,,,,,,,8.81,12.69,0.18,,,,,,,,,,,,,,30g,100g,"복합조미식품, 팜올레인유, 서류가공품",,25,1,340,
서주 미니 야쿠르트 웨하스,서주제과(주),P101-105000100-0560,1.99E+13,100g,510,6,24,68,35,,,,,,105,,,,,,,,5,24,0,,,,,,,,,,,,,,30g,100g,"산도조절제, 미강유(현미유), 산도조절제, 유화제, 정제소금, 전란액, 밀가루, 정제수, 기타가공품",,70,1,800,
애플샌드,(주)크라운제과,P101-106000100-2848,2.01E+13,100g,533,6.67,26.67,66.67,31.11,,,,,,311,,,,,,,,22.22,17.78,0,,,,,,,,,,,,,,30g,91g,"탄산수소나트륨, 탄산수소암모늄, 구연산, 정제소금, 물엿, 유화제, 올레오레진 로즈메리, 향신료조제품, 사과향, 바닐라향, 과.채가공품, 가공연유, 혼합분유, 우유, 밀가루, 식물성크림, 설탕, 쇼트닝, 쇼트닝, 가공버터, 설탕, 전란액",,91,1,950,
쌀새우깡,(주)농심,P101-106000100-1139,1.98E+13,100g,513,6.25,25,65,6.25,,,,,,575,,,,,,,,3.75,7.5,0,,,,,,,,,,,,,,30g,80g,"곡류가공품, 미강유, 팜유, 향미유, 기타가공품",,80,20,966,
쌀강정,미성식품,P101-107000100-0783,2.00E+12,100g,375,3,2.3,86,33,,,,,,0,,,,,,,,0,0,0,,,,,,,,,,,,,,30g,5000g,"콩기름(대두유), 백설탕, 검정깨(흑임자), 호박씨앗, 물엿, 땅콩, 쌀",,2000,1,9400,
식자재왕 트위스트과자,(주)코스모스제과,P101-106000100-1110,1.99E+13,100g,520,6,27,63,17,,,,,,250,,,,,,,,0,12,0,,,,,,,,,,,,,,30g,1000g,"육두구분말, 탄산수소나트륨, 혼합제제, 혼합제제, 혼합제제, 가공연유, 탄산수소암모늄, 정제소금, 코코넛크림분말, 식물성크림, 복합조미식품, 밀가루, 팜올레인유, 당류가공품, 물엿, 땅콩버터",,50,1,300,
스트로베리&밀크 빼빼로,롯데웰푸드(주),P101-106000100-6785,2.00E+13,100g,500,6.76,24.32,64.87,32.43,,,,,,351,,,,,,,,6.49,16.22,0.6,,,,,,,,,,,,,,30g,37g,"효모, 효소제제혼합제제, 혼합제제, 혼합제제, 산도조절제, 산도조절제, 기타과당, 산도조절제, 정제소금, 기타가공품, 맥아엑기스, 전분가공품, 가공버터, 식물성유지, 가공연유, 설탕, 정제수, 식물성크림, 과자, 밀가루, 식물성크림",,,20,1263,
스윙칩 볶음고추장맛,(주)오리온,P101-106000100-1087,1.99E+13,100g,587,6.67,40,50,3.33,,,,,,467,,,,,,,,0,14.33,0,,,,,,,,,,,,,,30g,60g,"복합조미식품, 식물성유지, 감자",,60,1,1060,
스위씨 나쵸칩,(주)델토리,P101-104000100-1944,2.01E+13,100g,513,6.4,24.07,67.61,4.87,,,,,,410,,,,,,,,0,10.73,0.19,,,,,,,,,,,,,,30g,70g,"탄산칼슘, 곡류가공품, 밀가루, 팜유, 복합조미식품, 과.채가공품, 과.채가공품, 정제수, 복합조미식품, 곡류가공품, 파프리카추출색소, 정제소금, 설탕",,,6,2845,
스모키베이컨칩,(주)빙그레,P101-106000100-1069,1.99E+11,100g,529,7.14,27.14,62.86,4.29,,,,,,500,,,,,,,,0,10,0,,,,,,,,,,,,,,30g,70g,"복합조미식품, 기타가공품, 옥수수전분, 팜올레인유, 밀가루, 식품첨가물혼합제제, 곡류가공품, 건마늘분말, 서류가공품, 복합조미식품, 식품첨가물혼합제제, 치자황색소, 정제소금, 설탕",,70,5,3842,
스낵24 왕새우칩,(주)코스모스제과,P101-104000100-0821,1.99E+13,100g,510,1.63,26.92,65.3,10.12,,,,,,978,,,,,,,,12.33,11.63,0.03,,,,,,,,,,,,,,30g,100g,"복합조미식품, 팜올레인유, 서류가공품",,,30,635,
스낵24 辛쌀떡볶이,(주)코스모스제과,P101-104000100-0819,1.99E+13,100g,518,6.04,25.61,65.94,20.83,,,,,,365,,,,,,,,0,11.9,0.03,,,,,,,,,,,,,,30g,100g,"밀가루, 팜올레인유, 백설탕, 물엿, 복합조미식품, 쌀그릿츠, 고추장, 혼합제제, 혼합제제, 건조파슬리분말, 육두구분말, 탄산수소나트륨, 정제소금, 탄산수소암모늄, 분말결정포도당",,,1,340,
솔티드 라지 프레첼,주식회사 위너스,P101-106000100-6333,2.01E+12,100g,491,8.58,22.83,62.8,3.62,,,,,,1457,,,,,,,,0.16,8.74,0.08,,,,,,,,,,,,,,30g,100g,"과자, 팜올레인유, 정제소금",,1000,2,12990,
서주딸기웨하스,서주제과(주),P101-105000100-0099,1.99E+13,100g,500,8,22,66,28,,,,,,180,,,,,,,,0,6.6,0,,,,,,,,,,,,,,30g,50g,"미강유(고시형), 산도조절제, 유화제, 정제소금, 전란액, 밀가루, 기타코코아가공품",,50,1,690,
서주 허쉬 초코 와플,서주푸드 주식회사,P101-106000100-0997,1.99E+13,100g,464,7.27,15.82,72.73,27.27,,,,,,255,,,,,,,,30.91,7.27,0,,,,,,,,,,,,,,30g,55g,"밀가루, 설탕, 쇼트닝, 정제수, 전란액, 전지분유, 코코아분말, 가공버터, 코코아매스, 코코아분말, 정제소금, 땅콩버터, 향료제제, 산도조절제, 레시틴, 향료, 바닐린",,55,1,1250,
서주 허쉬 제로슈가초코와플,서주푸드 주식회사,P101-429000100-0001,1.99E+13,100g,430,7,16,74,0,,,,,,240,,,,,,,,21,9,0,,,,,23.7,,,,,,,,,70g,146g,"아세설팜칼륨, 바닐린, 수크랄로스, 산도조절제, 레시틴, 혼합제제, 향료, 정제소금, 가공버터, 코코아분말, 코코아분말, 전란액, 정제수, 쇼트닝, D-말티톨, 밀가루",,146,1,5290,
서주 허쉬 감귤 와플,서주푸드주식회사,P101-106000100-4417,1.99E+13,100g,464,7.27,16.36,70.91,34.55,,,,,,236,,,,,,,,27.27,8,0,,,,,,,,,,,,,,30g,55g,"밀가루, 설탕, 쇼트닝, 정제수, 전란액, 가공버터, 코코아분말, 전지분유, 과.채가공품, 과.채가공품, 혼합제제, 코코아분말, 정제소금, 혼합제제, 유화제, 산도조절제, 혼합제제, 바닐린",,55,2,570,
서주 포켓 허니버터 와플,서주제과(주),P101-106000100-2303,1.99E+13,100g,471,7.65,16.47,72.94,29.41,,,,,,324,,,,,,,,44.71,7.06,0,,,,,,,,,,,,,,30g,17g,"설탕, 밀가루, 밀가루, 쇼트닝, 전란액, 가공버터, 기타가공품, 유함유가공품, 정제소금, 사양벌꿀, 골든시럽, 탄산수소나트륨, 레시틴, 향료, 향료",,17,1,350,
서주 포켓 웨하스 초코바나나,서주제과(주),P101-105000100-0211,1.99E+13,100g,542,4.64,27.71,66.27,30.12,,,,,,120,,,,,,,,0,16.87,0,,,,,,,,,,,,,,30g,16.60g,"정제소금, 심황색소, 산도조절제, 향료, 코코넛분말, 밀가루, 쇼트닝, 포도당, 기타설탕, 코코아분말, 기타가공품, 바나나엑기스분말, 유청분말, 향료, 전란액, 레시틴, 산도조절제, 향료, 미강유(현미유)",,,21,690,
서주 포켓 웨하스 초코,서주제과(주),P101-105000100-0246,1.99E+13,100g,512,6.02,28.31,60.24,24.1,,,,,,151,,,,,,,,0,15.66,0,,,,,,,,,,,,,,30g,16.60g,"정제소금, 바닐린, 산도조절제, 향료, 밀가루, 쇼트닝, 기타설탕, 포도당, 코코아분말, 야자유, 혼합분유, 코코아분말, 준초콜릿, 땅콩버터, 전란액, 유화제, 산도조절제, 혼합제제, 미강유(현미유)",,,6,6180,
생생감자칩 핫칠리맛,해태가루비(주)제2공장,P101-104000100-0957,2.02E+13,100g,583,6.67,40,50,3.33,,,,,,500,,,,,,,,6.67,14,0,,,,,,,,,,,,,,30g,55g,"혼합식용유, 감자, 복합조미식품",,,3,2217,
생생감자칩 트러플크림파스타맛,해태가루비(주)제2공장,P101-104000100-1132,2.02E+13,100g,545,5.46,32.73,56.36,3.64,,,,,,509,,,,,,,,0,12.73,0,,,,,,,,,,,,,,30g,55g,"복합조미식품, 혼합식용유, 감자",,,3,3067,
생생감자칩 오사쯔맛,해태가루비(주)제2공장,P101-104000100-1940,2.02E+13,100g,545,5.46,32.73,58.18,7.27,,,,,,173,,,,,,,,0,12.73,0,,,,,,,,,,,,,,30g,55g,"복합조미식품, 혼합식용유, 감자",,55,5,2334,
생생감자칩 스리라차마요맛,해태가루비(주)제2공장,P101-104000100-1939,2.02E+13,100g,550,6.67,33.33,56.67,3.33,,,,,,533,,,,,,,,6.67,13.33,0,,,,,,,,,,,,,,30g,55g,"감자, 혼합식용유, 복합조미식품",,55,6,1152,
새우깡지퍼백,(주)농심,P101-104000100-2369,1.97E+11,100g,515,6,28,60,6,,167,,,,680,,,,,,,,5,9,0.5,,,,,,,,,,,,,,30g,400g,"정제수, 복합조미식품, 팜유, 정제미강유, 기타가공품, 향미유",,400,1,4580,
새우깡블랙,(주)농심,P101-104000100-0115,1.98E+13,100g,494,8.75,22.5,63.75,5.75,,253,,,,713,,,,,,,,20.63,8.75,0.44,,,,,,,,,,,,,,30g,80g,"곡류가공품, 미강유(현미유), 팜유, 가공버터, 향료, 향미유, 복합조미식품",,72,4,1300,
새우깡 옐로,(주)농심,P101-104000100-0558,1.98E+13,100g,500,6.11,24.44,64.44,8.89,,,,,,856,,,,,,,,0,8.89,0,,,,,,,,,,,,,,30g,90g,"향미유, 팜유, 미강유(현미유), 복합조미식품, 곡류가공품",,80,4,1110,
새우깡 그린,(주)농심,P101-104000100-0557,1.98E+13,100g,483,7.22,21.11,66.67,6.67,,,,,,667,,,,,,,,0,7.78,0,,,,,,,,,,,,,,30g,90g,"향미유, 팜유, 미강유(현미유), 복합조미식품, 곡류가공품",,70,6,958,
삼양 흰둥이짱구,삼양식품(주),P101-106000100-3123,1.99E+14,100g,533,6.67,26.67,66.67,10,,,,,,367,,,,,,,,0,13,0,,,,,,,,,,,,,,30g,70g,"밀가루, 팜유, 정제수, 설탕, 설탕, 정제소금, 복합조미식품, 혼합분유, 탄산수소암모늄, 향료, 식품첨가물, 탄산수소나트륨, 복합조미식품, 복합조미식품, 복합조미식품, 복합조미식품, 식품첨가물, 향료제제, 스테비올배당체, 기타가공품",,115,1,900,
사또밥,삼양식품(주)원주공장,P101-106000100-0920,1.99E+13,100g,627,4.48,43.28,55.22,13.43,,,,,,134,,,,,,,,0,17.91,0,,,,,,,,,,,,,,30g,67g,"기타가공품, 곡류가공품, 팜유, 설탕, 해바라기유, 정제수, 과.채가공품, 태움용융소금, 향료제제, 혼합제제",,67,1,930,
뽀또치즈타르트,(주)크라운제과,P101-103000400-0758,2.01E+12,100g,502,7.61,23.91,64.13,20.65,,,,,,500,,,,,,,,10.87,15.22,0,,,,,,,,,,,,,,30g,92g,"혼합제제, 치즈향, 크림치즈분말, 변성전분, 체다치즈분말, 유함유가공품, 혼합분유, 천일염, 기타가공품, 밀가루, 식품첨가물, 버터향, 유청, 치즈향, 파프리카추출색소, 설탕, 식물성크림, 유당, 기타설탕, 제일인산칼슘, 탄산수소나트륨, 탄산수소암모늄, 기타과당, 덱스트린, 혼합식용유, 쇼트닝, 쇼트닝, 정제소금, 포도당, 곡류가공품, 가공연유",,322,2,3260,
빵부장 말차빵,(주)농심,P101-405000100-0084,1.99E+13,100g,482,6.36,20,69.09,29.09,,,,,,136,,,,,,,,0,12.73,0,,,,,,,,,,,,,,70g,55g,"고형차, 향료, 혼합제제, 채종유(유채유 또는 카놀라유), 전지분유, 복합조미식품, 팜유류, 밀가루류, 기타가공품, 설탕, 캔디류, 곡류가공품",,55,16,1209,
빠다코코낫,롯데웰푸드(주),P101-106000100-4167,1.98E+13,100g,494,6,22,68,24,,,,,,320,,,,,,,,0,13.2,0,,,,,,,,,,,,,,30g,100g,"혼합식용유, 설탕, 밀가루, 정제수, 팜추출물, 산성아황산나트륨, 향료, 기타가공품, 탄산수소나트륨, 기타과당, 정제소금, 버터, 전분, 탄산수소암모늄, 과.채가공품, 쇼트닝",,300,12,2678,
비엔나 야채타임,(주)빙그레,P101-106000100-3155,1.99E+13,100g,443,5,23.33,53.33,8.33,,,,,,883,,,,,,,,0,10,0,,,,,,,,,,,,,,30g,60g,"토마토케첩, 혼합제제, 식품첨가물, 복합조미식품, 팜올레인유, 과.채가공품류, 치자황색소, 정제소금, 백설탕, 건양파분말, 옥수수전분, 밀가루",,70,1,980,
비비고 포테이토 김스낵,씨제이씨푸드(주),P101-104000100-0108,2.00E+13,100g,638,2.5,50,45,1.75,,,,,,675,,,,,,,,0,22.5,0,,,,,,,,,,,,,,30g,40g,"복합조미식품, 김, 팜올레인유, 건면, 정제수, 향신료올레오레진류",,40,1,1512,
비비고 스위트콘 김스낵,씨제이씨푸드(주),P101-104000100-0105,2.00E+13,100g,600,2.5,45,47.5,2.5,,,,,,425,,,,,,,,0,20,0,,,,,,,,,,,,,,30g,40g,"정제수, 향신료올레오레진류, 복합조미식품, 김, 팜올레인유, 건면",,40,1,1512,
비비고 김스낵 오리지널,씨제이씨푸드(주),P101-104000100-0104,2.00E+13,100g,425,2.78,13.89,72.22,8.33,,,,,,1081,,,,,,,,2.78,2.78,2.78,,,,,,,,,,,,,,30g,36g,"라이스칩, 유채유, 김, 시즈닝, 정제수, 참기름, 올레오레진로즈메리",,40,1,1760,
블랙페퍼구운미니바게트,(주)광일식품,P101-403000100-0013,1.99E+13,100g,477,11.49,19.11,64.72,10.63,,,,,,724,,,,,,,,2.94,8.5,0,,,,,,,,,,,,,,70g,100g,"건파슬리, 곡류가공품, 식품첨가물혼합제제, 효모, 정제소금, 전분, 복합조미식품, 기타가공품, 쇼트닝, 설탕, 마가린, 밀가루",,100,1,1450,
붕붕붕 꼬마버스 타요,해태제과식품㈜광주공장,P101-106000100-0860,1.98E+13,100g,170,3,7,24,6,,440,,,,105,,1,,,,,,7,3.2,0,,,,,,,,,,,,,,30g,140g,"비타민 B2, 밀가루, 백설탕, 쇼트닝, 전란액, 전지분유, 마가린, 저지방가공유, 물엿, 난각분말, 탄산수소암모늄, 체다치즈분말, 정제소금, 탄산수소나트륨, 비타민 C, 밀크향, 레시틴, 비타민 A, 비타민 B1염산염",,140,18,2561,
부드러운 두부와플,(주)삼아인터내셔날,P101-103000400-0697,1.99E+13,100g,500,6.25,26.88,56.25,25,,,,,,344,,,,,,,,62.5,16.88,0.63,,,,,,,,,,,,,,30g,16g,"버터, 설탕, 두부, 코코넛밀크분말, 분말유크림, 칼슘(고시형), 건조감자분말, 감자향분말, 전란액, 정제소금, 밀가루",,336,20,597,
별뽀빠이,삼양식품(주),P101-106000100-0822,1.99E+14,100g,444,8.33,11.11,77.78,19.45,,,5.56,,,347,,,,,,,,0,5.83,0,,,,,,,,,,,,,,30g,72g,"천연향신료, 천연향신료, 효소처리스테비아, 밀가루, 정제수, 팜유, 캔디류, 곡류가공품, 설탕, 물엿, 곡류가공품, 정제소금, 식물성크림, 탄산수소나트륨, 기타가공품, 식품첨가물, 기타가공품",,72,1,500,
서주 미니 베리베리스트로베리 웨하스,서주제과(주),P101-105000100-0554,1.99E+13,100g,509,5,25,66,35,,,,,,140,,,,,,,,5,25,0,,,,,,,,,,,,,,30g,100g,"산도조절제, 미강유(현미유), 산도조절제, 유화제, 정제소금, 전란액, 밀가루, 정제수, 기타가공품",,70,1,900,
버터와플 with 이즈니생메르 버터,(주)크라운제과,P101-106000100-7002,2.01E+13,100g,462,8,14,76,33,,,,,,360,,,,,,,,95,9,0.5,,,,,,,,,,,,,,30g,316g,"혼합분유, 레시틴, 글리세린지방산에스테르, 정제소금, 기타가공품, 탄산수소암모늄, 탄산수소나트륨, 과.채가공품, 올레오레진 로즈메리, 버터향, 밀가루, 버터, 전란액, 설탕",,316,1,7080,
버터앤쉘터 버터와플,서주제과(주),P101-106000100-3093,1.99E+13,100g,473,7.27,16.36,74.55,32.73,,,,,,291,,,,,,,,85.46,7.82,0,,,,,,,,,,,,,,30g,55g,"전란액, 가공버터, 기타가공품, 정제소금, 레시틴, 탄산수소암모늄, 탄산수소나트륨, 향료, 밀가루, 설탕",,55,1,930,
버터갈릭새우칩,(주)코스모스제과,P101-106000100-0779,1.99E+13,100g,531,1.56,29.69,62.5,9.38,,,,,,750,,,,,,,,10.94,14.06,0,,,,,,,,,,,,,,30g,64g,"복합조미식품, 팜올레인유, 서류가공품",,128,16,1181,
발효보리건빵,(주)청우식품,P101-106000100-0771,2.01E+12,100g,433,9.09,10.91,74.55,15.45,,,,,,491,,,,,,,,0,5.45,0,,,,,,,,,,,,,,30g,110g,"정제수, 프로테아제, DL-사과산, 제일인산칼슘, 탄산수소나트륨, 효모, 탄산수소암모늄, 참깨, 정제염, 검정깨(흑임자), 유청분말, 두류가공품, 맥아분말, 쇼트닝, 백설탕, 밀가루",,320,6,2805,
밀크카라멜팝콘,(주)바프,P101-101000100-0444,2.00E+13,100g,479,3.81,22.17,66.09,35.52,,,,,,537,,,,,,,,0.8,7.07,0.11,,,,,,,,,,,,,,20g,100g,"옥수수, 당류가공품, 혼합식용유, 갈색설탕, 복합조미식품, 물엿, 옥수수기름(옥배유), 태움용융소금, 쇼트닝, 레시틴, 허브추출물",,80,12,1267,
미쯔블랙,(주)오리온,P101-103000400-0571,1.99E+13,100g,495,7.14,19.05,73.81,33.33,,,,,,286,,,,,,,,0,9.52,0,,,,,,,,,,,,,,30g,84g,"바닐린, 탄산수소나트륨, 탄산수소암모늄, 레시틴, 식염, 코코아매스, 유청분말, 과당, 쇼트닝, 코코아분말, 코코아분말, 탈지분유, 옥수수가루, 코코아가공품류, 마가린, 백설탕, 밀가루, 계피가루",,120,28,765,
미니참깨스틱,(주) 청우식품,P101-103000100-5180,2.01E+12,100g,448,9,12,76,21,,105,,,,490,,,,,,,,0,6,0,,,,,,,,,,,,,,30g,370g,"포도당, 식물성크림, 제이인산나트륨, 가공치즈, 밀가루, 팜유, 쇼트닝, 탄산수소암모늄, 탄산수소나트륨, 설탕, 볶은참깨, 정제소금, 프로테아제, 기타 농산가공품, 향신료올레오레진류, 참기름",,370,14,893,
삼아 미니 바닐라 웨하스,(주)삼아인터내셔날,P101-105000100-0077,1.99E+13,100g,531,8.75,28.75,58.75,28.75,,,,,,175,,,,,,,,12.5,13.75,0,,,,,,,,,,,,,,30g,80g,"밀가루, 포도당, 팜유, 설탕, 발아통밀가루, 탈지분유, 유청분말, 전란액, 바닐라농축추출물, 탄산수소나트륨, 정제소금, 탄산수소암모늄, 당시럽류, 비타민 C, 정제수",,300,2,4875,
무뚝뚝 감자칩 통후추 소금맛,(주)오리온,P101-106000100-0687,1.98E+13,100g,553,6.67,33.33,56.67,2.33,,,,,,900,,,,,,,,0,14,0,,,,,,,,,,,,,,30g,60g,"서류가공품, 식물성유지, 복합조미식품, 식물성유지",,60,12,1434,
무뚝뚝 고구마칩,㈜오리온 제2 익산공장,P101-104000100-0075,1.98E+13,100g,520,3.57,26.79,66.07,14.29,,,,,,98,,,,,,,,0,12.5,0,,,,,,,,,,,,,,30g,56g,"서류가공품, 혼합식용유, 복합조미식품, 버터오일",,56,1,1170,
무뚝뚝 감자칩 올리브앤솔트맛,(주)오리온제2익산공장,P101-104000100-1094,1.98E+13,100g,535,6.52,30.44,58.7,3.26,,,,,,794,,,,,,,,0,8.7,0,,,,,,,,,,,,,,30g,92g,"복합조미식품, 올리브유, 혼합식용유, 서류가공품",,95,1,3850,
무뚝뚝 감자칩 갈릭솔트맛,(주)오리온 제2익산공장,P101-106000100-2757,1.98E+13,100g,523,6.67,30,56.67,2.5,,,,,,867,,,,,,,,0,8.67,0,,,,,,,,,,,,,,30g,106g,"해바라기유, 복합조미식품, 혼합식용유, 서류가공품",,60,12,1434,
못말리는 신짱 가마솥 누룽지맛,미찌푸드 주식회사,P101-104000100-2024,2.01E+13,100g,468,7,16,74,22,,,,,,370,,,,,,,,5,6,0,,,,,,,,,,,,,,30g,100g,"백설탕, 혼합식용유, 곡류가공품, 프락토올리고당, 핵산, 향료, 탄산수소나트륨, 카라멜색소 Ⅳ, 향료, 벌꿀, 포도당, 곡류가공품, 탄산수소암모늄, 정제소금, 곡류가공품, 누룽지분말",,120,1,770,
매콤달콤 고소한 옥수수 고추맛콘,(주)광일식품,P101-106000100-3911,1.99E+13,100g,472,5.68,17.63,72.67,14.58,,,,,,553,,,,,,,,0,7.25,0.04,,,,,,,,,,,,,,30g,120g,"곡류가공품, 설탕, 팜올레인유, 물엿, 정제소금, 천연향신료, 복합조미식품, 탄산수소나트륨, 고춧가루, 정제수",,1000,1,7660,
말차 프레첼,(주)삼아인터내셔날,P101-106000100-2749,1.99E+13,100g,473,8.01,18.96,67.67,27.43,,,,,,453,,,,,,,,1.85,18.86,0,,,,,,,,,,,,,,30g,100g,"과자, 식물성크림",,70,4,5352,
마켓오 크림치즈 브라우니,(주)오리온제2익산공장,P101-106000100-3907,1.98E+13,100g,465,5,25,55,35,,,,,,300,,,,,,,,95,16,0,,,,,,,,,,,,,,30g,240g,"밀가루, 설탕, 전란액, 식물성크림, 가공버터, 기타설탕, 치즈, 가공유지, 밀크초콜릿, 탈지분유, 가당연유, 물엿, 식염, 유크림, 코코아분말, 분말유크림, 주정, 가공치즈, 혼합제제, 잔탄검, 버터오일, 혼합제제, 향료, 혼합제제, 향료, 향료, 향료, 카카오색소",,240,1,5280,
마가렛트 구운모카,롯데제과㈜,P101-106000100-0605,2.00E+13,100g,509,6.82,27.27,59.09,31.82,,,,,,386,,,,,,,,27.27,14.09,1.59,,,,,,,,,,,,,,30g,352g,"유청분말, 당류가공품, 기타설탕, 쇼트닝, 기타가공품, 밀가루, 정제수, 쇼트닝, 가공연유, 글리세린, 전란액, 마가린, 곡류가공품, 곡류가공품, 혼합제제, 정제소금, 주정, 당류가공품, 코코아분말, 혼합제제, 커피, 카카오색소, 버터, 향료제제, 산도조절제, 향료, 산도조절제, 레시틴",,352,8,3739,
롯샌 파스퇴르 순우유맛,롯데웰푸드(주),P101-103000100-5063,2.00E+13,100g,518,4.49,25.59,67.32,20.08,,,,,,162,,,,,,,,5.37,13.28,0.38,,,,,,,,,,,,,,30g,105g,"밀가루, 식물성유지, 쇼트닝, 기타설탕, D-말티톨, 설탕, 기타가공품, 포도당, 유당, 살균전란액, 폴리글리시톨시럽, 유청분말, 정제소금, 산도조절제, 향료, 우유, 향료, 향료, 레시틴, 산도조절제, 바닐린, 탈지분유, 향료, 향료, 정제수",,105,1,1690,
땅콩 카라멜콘,주식회사위너스,P101-106000100-6158,2.01E+12,100g,475,4.23,16.68,76.87,36.05,,,,,,101,,,,,,,,6.36,6.94,0.14,,,,,,,,,,,,,,30g,100g,"탄산칼슘, 옥수수기름(옥배유), 정제소금, 합성향료, 탈지분유, 볶음땅콩분태, 팜올레인유, 물엿, 설탕, 알파옥수수분말, 당류가공품",,72,1,750,
두부칩,(주)코스모스제과,P101-104000100-0519,1.99E+13,100g,517,7.24,26.3,62.75,5.51,,,,,,504,,,,,,,,8.09,10.5,0.06,,,,,,,,,,,,,,30g,100g,"참깨, 우유, 계란, 소스, 정제소금, 혼합제제, 복합조미식품, 효모, 혼합제제, 밀가루, 팜올레인유, 분당, 두부",,135,16,1053,
도리토스나쵸치즈맛,롯데웰푸드주식회사,P101-104000100-0897,1.98E+13,100g,483,7.33,24.67,53.33,4.67,,,,,,600,,,,,,,,0,7.67,0,,,,,,,,,,,,,,30g,84g,"옥수수, 혼합식용유, 나쵸치즈씨즈닝, 산도조절제",,84,1,2560,
도도한나쵸 사워크림&어니언맛,(주)오리온제4청주공장,P101-106000100-0442,1.99E+13,100g,520,6.67,26.67,63.33,6.67,,,,,,567,,,,,,,,0,11.33,0,,,,,,,,,,,,,,30g,92g,"L-시스틴, 복합조미식품, 식물성유지, 옥수수, L-프롤린, 포도당, 수산화칼슘",,155,4,2728,
도도한 나쵸 치즈맛,(주)오리온제4청주공장,P101-106000100-0443,1.99E+13,100g,520,10,26.67,60,3.33,,,,,,633,,,,,,,,0,12,0.33,,,,,,,,,,,,,,30g,155g,"L-시스틴, L-프롤린, 포도당, 수산화칼슘, 복합조미식품, 식물성유지, 옥수수",,92,1,1040,
담백하고 고소한 두부과자,(주)코스모스제과,P101-106000100-2718,1.99E+13,100g,568,7,32,63,7,,,,,,600,,,,,,,,8,13,0,,,,,,,,,,,,,,30g,100g,"밀가루, 팜올레인유, 기타설탕, 두부, 밀가루, 참깨, 우유, 계란, 소스, 정제소금, 혼합제제, 복합조미식품, 효모, 혼합제제",,135,16,1053,
닭다리후라이드치킨,(주)농심,P101-106000100-0411,1.98E+13,100g,508,6.21,25.76,63.64,5.91,,,,,,470,,,,,,,,0,7.58,0,,,,,,,,,,,,,,30g,66g,"소맥분, 기타전분, 증숙감자, 식육추출가공품, 감자분말, 정제소금, 기타가공품, 채종유(유채유또는카놀라유), 팜유, 기타가공품, 식품첨가물혼합제제",,66,20,1046,
닭다리핫숯불바베큐,(주)농심,P101-106000100-0409,1.98E+13,100g,523,6.52,27.27,63.64,6.97,,,,,,697,,,,,,,,0,7.58,0,,,,,,,,,,,,,,30g,66g,"밀가루, 식품첨가물혼합제제, 기타전분, 증숙감자, 식육추출가공품, 감자분말, 정제소금, 기타가공품, 채종유(유채유또는카놀라유), 팜유, 기타가공품",,66,20,1046,
닭다리너겟,(주)농심,P101-106000100-0406,1.98E+13,100g,515,7,26,63,6,,,,,,660,,,,,,,,0,7,0.3,,,,,,,,,,,,,,30g,130g,"밀가루, 식품첨가물혼합제제, 기타전분, 증숙감자, 식육추출가공품, 감자분말, 정제소금, 기타가공품, 채종유(유채유 또는 카놀라유), 팜유, 기타가공품",,130,12,1516,
단백질칩 칠리살사맛,(주)오리온제4청주공장,P101-106000100-2134,1.99E+13,100g,488,20,21.67,53.33,10,,,,,,783,,,,,,,,0,10,0,,,,,,,,,,,,,,30g,60g,"식염, 설탕, 감자플레이크, 복합조미식품, 식물성유지, 효모, 감자전분, 두류가공품",,60,1,1130,
단백질칩 버터구이오징어맛,(주)오리온제4청주공장,P101-106000100-2133,1.99E+13,100g,497,20,23.33,51.67,8.33,,,,,,717,,,,,,,,0,11.67,0,,,,,,,,,,,,,,30g,60g,"식염, 설탕, 감자플레이크, 복합조미식품, 식물성유지, 효모, 감자전분, 두류가공품",,60,12,1194,
다이제 샌드 바닐라&밀크,(주)오리온,P101-106000100-0375,1.98E+12,100g,544,4.29,30,64.29,27.14,,,,,,527,,,,,,,,7.14,17.14,0.71,,,,,,,,,,,,,,30g,70g,"향료, 혼합제제, 혼합제제, 향료, 향료제제, 합성향료, 기타가공품, 산도조절제, 산도조절제, L-주석산, 식염, 덱스트린, 버터오일, 유당, 기타가공품, 전지분유, 포도당, 밀가루, 백설탕, 쇼트닝, 식물성유지, 기타밀가루, 농후발효유, 당류가공품",,93,5,1160,
다이제,(주)오리온,P101-103000100-0944,1.98E+11,100g,482,5.13,20.51,69.23,20.51,,,,,,641,,,,,,,,0,8.72,0,,,,,,,,,,,,,,30g,351g,"백설탕, 쇼트닝, 기타밀가루, 밀가루, 백설탕, 곡류가공품, 농후발효유, 산도조절제, 산도조절제, 당류가공품, 당류가공품, L-주석산, 식염, 기타가공품, 두류가공품, 향료",,194,6,1410,
눈을감자 페퍼솔트맛,(주)오리온,P101-106000100-0362,1.98E+13,100g,520,6.67,26.67,63.33,1,,,,,,633,,,,,,,,0,8.67,0,,,,,,,,,,,,,,30g,113g,"서류가공품, 혼합식용유, 복합조미식품",,96,1,2720,
눈을감자 칠리치즈 프라이즈맛,(주)오리온제2익산공장,P101-106000100-3869,1.98E+13,100g,512,5.36,26.79,62.5,1.79,,,,,,643,,,,,,,,0,8.75,0,,,,,,,,,,,,,,30g,56g,"서류가공품, 혼합식용유, 복합조미식품",,56,12,1333,
눈을감자 블랙트러플맛,(주)오리온 제2익산공장,P101-106000100-2129,1.98E+13,100g,520,6.67,26.67,63.33,2.5,,,,,,567,,,,,,,,0,9,0,,,,,,,,,,,,,,30g,113g,"복합조미식품, 혼합식용유, 서류가공품",,96,1,2520,
누드 크림치즈 빼빼로,롯데제과(주),P101-106000100-0358,1.98E+13,100g,522,6.74,26.09,65.22,39.13,,,,,,413,,,,,,,,6.52,17.39,0.65,,,,,,,,,,,,,,30g,46g,"카카오색소, 정제소금, 맥아엑기스, 식물성크림, 밀가루, 옥수수전분, 쇼트닝, 설탕, 가공연유, 기타과당, 식물성유지, 혼합제제, 산도조절제, 콩기름(대두유), 산도조절제, 복합조미식품",,,1,1450,
노브랜드 왕소라형과자,(주)코스모스제과,P101-106000100-3859,1.99E+13,100g,458,8.7,15.59,70.83,19.68,,,,,,317,,,,,,,,0,5.68,0.03,,,,,,,,,,,,,,30g,100g,"땅콩버터, 밀가루, 당류가공품, 팜올레인유, 물엿, 과.채가공품, 식물성크림, 소스, 참깨, 정제소금, 탄산수소암모늄, α-아밀라아제",,250,1,1680,
노브랜드 고구마형과자,(주)코스모스제과,P101-106000100-3858,1.99E+13,100g,465,11.16,16.8,67.3,19.71,,,,,,358,,,,,,,,0,4.54,0.06,,,,,,,,,,,,,,30g,100g,"밀가루, 팜올레인유, 당류가공품, 물엿, 땅콩버터, 정제소금, 식물성크림, 과.채가공품, 소스, 참깨, 탄산수소암모늄, 코코아분말, 혼합제제, 효모",,250,3,3527,
피코크 나쵸칩 오리지널,미찌푸드(주),P101-104000100-0502,2.01E+13,100g,517,6,25,67,1,,,,,,790,,,,,,,,0,11,0,,,,,,,,,,,,,,30g,112g,"곡류가공품, 팜올레인유, 복합조미식품, 곡류가공품, 정제소금",,100,10,2005,
나! 유자치즈크림맛,(주)오리온 제2익산공장,P101-106000100-7054,1.98E+13,100g,527,5.2,28.57,62.34,28.57,,,,,,390,,,,,,,,20.78,11.95,0,,,,,,,,,,,,,,30g,77g,"밀가루, 백설탕, 쇼트닝, 쇼트닝, 전란액, 액상차, 유청, 가공치즈, 전지분유, 과.채가공품, 포도당, 전분, 가공버터, 식염, 산도조절제, 산도조절제, 난백분, 향료, 향료, 치자황색소, DL-사과산, 효모추출물",,77,1,930,
꽃게랑 불짬뽕,(주)빙그레,P101-106000100-0295,1.99E+13,100g,529,7.14,28.57,61.43,3.86,,,,,,771,,,,,,,,2.86,10,0,,,,,,,,,,,,,,30g,70g,"소맥분, 팜올레인유, 옥수수전분, 복합조미식품, 복합조미식품, 백설탕, 명태엑기스, 기타가공품, 식품첨가물혼합제제, 제삼인산칼슘, 복합조미식품, 과.채가공품, 정제소금, 글리신, 치자황색소, 오징어엑기스, 새우엑기스",,70,4,1200,
꽃게랑 김,(주)빙그레,P101-106000100-0294,1.99E+13,100g,550,7.14,30,62.86,5.71,,,,,,829,,,,,,,,6.29,8.57,0,,,,,,,,,,,,,,30g,70g,"복합조미식품, 치자황색소, 활성글루텐, 복합조미식품, 복합조미식품, 백설탕, 복합조미식품, 옥수수전분, 혼합식용유, 밀가루, 건마늘분말, 글리신, 식염, 게향",,70,16,973,
꼬북칩 콘스프맛,(주)오리온제4청주공장,P101-104000100-1061,1.99E+13,100g,570,3.33,36.67,56.67,6.67,,,,,,700,,,,,,,,0,13.67,0,,,,,,,,,,,,,,30g,120g,"복합조미식품, 식물성유지, 과자류",,80,12,1168,
꼬북칩 카라멜팝콘맛,(주)오리온제5청주공장,P101-104000100-0675,2.02E+12,100g,537,3.33,30,63.33,30,,,,,,467,,,,,,,,16.67,10.67,1.67,,,,,,,,,,,,,,30g,72g,"향료, 향료, 향료, 천일염, 기타가공품, 백설탕, 식물성유지, 당류가공품, 과자류, 식물성크림",,108,1,4850,
꼬북칩 초코츄러스맛,(주)오리온 제5청주공장,P101-106000100-2093,2.02E+12,100g,520,6.67,26.67,63.33,30,,,,,,250,,,,,,,,16.67,16.67,0,,,,,,,,,,,,,,30g,481g,"복합조미식품, 준초콜릿, 영양강화밀가루, 식물성유지, 백설탕, 코코아분말, 기타가공품, 식염, 코코아분말, 곡류가공품, 식물성유지, 버터오일",,80,12,1125,
꼬북칩 말차초코맛(수출용),(주)오리온 제5청주공장,P101-104000100-2228,2.02E+12,100g,600,6.67,40,53.33,23.33,,,,,,300,,,,,,,,0,13.33,0,,,,,,,,,,,,,,30g,160g,"버터오일, 복합조미식품, 준초콜릿, 식물성유지, 과자류",,104,5,1966,
꼬깔콘 바닐라밀크맛,롯데웰푸드주식회사,P101-104000100-1895,1.98E+13,100g,547,4,32,61.33,16,,,,,,653,,,,,,,,6.67,10.67,0,,,,,,,,,,,,,,30g,75g,"곡류가공품, 혼합식용유, 설탕, 복합조미식품, 가공연유, 가공버터, 기타코코아가공품, 정제소금, 탄산수소나트륨, 향료, 향료, 향료, 레시틴, 천연향신료, DL-사과산, 정제수",,120,3,4397,
구운김톡,농업회사법인오리온농협주식회사,P101-104000100-1048,2.02E+13,100g,491,2.5,21.25,72.5,16.25,,,,,,50,,,,,,,,0,7.5,0,,,,,,,,,,,,,,30g,80g,"아스파라지나아제, 정제소금, 복합조미식품, 기타가공품, 기타 식용유지가공품, 소스, 곡류가공품, 백설탕, 기타설탕, 복합조미식품, 서류가공품, 박력분, 식물성유지, 감자전분, 전분, 과자",,80,7,1489,
구운감자,해태제과식품(주),P101-106000100-0195,1.98E+13,100g,481,2.59,22.22,70.37,7.41,,,,,,778,,,,,,,,0,10.74,0,,,,,,,,,,,,,,30g,27g,"정제수, 아스파라지나아제, 제일인산칼슘, 식용유지류, 구아검, L-라이신염산염, 레시틴, 기타가공품, 탄산수소암모늄, 천일염, 정제소금, 가공연유, 당류가공품, 전분가공품, 백설탕, 기타전분, 쇼트닝, 마가린, 곡류가공품, 서류가공품, 식물성유지, 전분가공품, 전분가공품, 곡류가공품, 감자향분말, 탄산수소나트륨, 제삼인산나트륨",,27,30,525,
고소한 맛짱(달콤고소한맛),미찌푸드(주),P101-106000100-0150,2.01E+13,100g,488,6,20,71,25,,,,,,317,,,,,,,,0,8,0,,,,,,,,,,,,,,30g,280g,"탄산수소나트륨, 밀가루, 팜올레인유, 설탕, 물엿, 식물성크림, 벌꿀, 분말결정포도당, 정제소금, 해조칼슘, 검정깨(흑임자), 계피엑기스분말, 탄산수소암모늄, 복합조미식품, 복합조미식품, 혼합제제, 육두구분말",,310,1,5860,
고소한 땅콩샌드,(주)크라운제과,P101-106000100-2978,2.01E+13,100g,511,6.38,25.53,63.83,25.53,,,,,,277,,,,,,,,10.64,12.77,0,,,,,,,,,,,,,,30g,93g,"바닐린, 비타민E, 땅콩향, 땅콩향, 레시틴, 땅콩분말, 정제소금, 유청, 물엿, 땅콩버터, 제일인산칼슘, 탄산수소나트륨, 탄산수소암모늄, 땅콩버터, 땅콩분태, 유함유가공품, 포도당, 땅콩분말, 덱스트린, 땅콩분말, 기타설탕, 설탕, 설탕, 쇼트닝, 쇼트닝, 밀가루",,,1,4400,
고소미 1979,㈜오리온 제2익산공장,P101-103000400-0090,1.98E+13,100g,460,10,16,69,9,,,,,,540,,,,,,,,0,7,0,,,,,,,,,,,,,,30g,160g,"식염, 당류가공품, 기타 농산가공품, 기타가공품, 산도조절제, 산도조절제, 산도조절제, 물엿, 복합조미식품, 가공버터, 식물성유지, 기타가공품, 백설탕, 혼합식용유, 밀가루, 밀가루, 건조효모, 기타가공품, 산성아황산나트륨",,560,6,6167,
고구마형과자,(주)코스모스제과,P101-106000100-0126,1.99E+12,100g,496,9.6,22.4,64,19.2,,,,,,360,,,,,,,,0,10.4,0,,,,,,,,,,,,,,30g,125g,"물엿, 당류가공품, 밀가루, 땅콩버터, 식물성크림, 소스, 팜올레인유, 효모, 코코아분말, 혼합제제, 탄산수소암모늄, 참깨, 과.채가공품, 정제소금",,110,1,520,
계란과자 치즈,(주)청우식품,P101-103000100-4192,2.01E+13,100g,476,7.27,18.18,70.91,32.73,,,,,,182,,,,,,,,72.73,9.09,0,,,,,,,,,,,,,,30g,55g,"쇼트닝, 밀가루, 기타설탕, 전란액, 탄산수소나트륨, 정제소금, 탄산수소암모늄, 향료, 글리세린지방산에스테르, 가공치즈, 곡류가공품, 옥수수전분",,55,1,990,
해태 딸기웨하스,해태제과식품(주),P101-105000100-0213,1.99E+13,100g,500,8.16,22.45,67.35,26.53,,,,,,194,,,,,,,,10.2,10,0,,,,,,,,,,,,,,30g,49g,"정제수, 구연산, 향료, 비트레드, 탄산수소암모늄, 탄산수소나트륨, 정제소금, 유화제, 전란분, 동결건조딸기, 유청단백분말, 포도당, 기타설탕, 쇼트닝, 밀가루",,50,40,588,
simplus 콘칩,(주)코스모스제과,P101-106000100-0055,1.99E+12,100g,545,6.36,30.91,60,3.64,,,,,,364,,,,,,,,0,1.64,0,,,,,,,,,,,,,,30g,110g,"복합조미식품, 팜올레인유, 옥수수가루, 결정셀룰로스, 정제소금, 혼합제제, 쌀그릿츠",,60,1,1000,
simplus 맛새우칩,(주)코스모스제과,P101-106000100-0033,1.99E+13,100g,521,1.43,28.57,64.29,8.57,,,,,,900,,,,,,,,4.29,11.43,0,,,,,,,,,,,,,,30g,70g,"서류가공품, 팜올레인유, 복합조미식품",,25,1,340,
ABC초코쿠키 스트로베리&초코,롯데웰푸드(주),P101-106000100-6726,1.97E+14,100g,557,7.29,32.92,57.81,32.45,,,,,,234,,,,,,,,15.86,19.08,0.17,,,,,,,,,,,,,,30g,130g,"식물성크림, 과자",,130,9,5193,
ABC초코쿠키 꿀고구마,롯데웰푸드(주),P101-103000100-2318,1.97E+14,100g,538,6.77,30.77,58.46,43.08,,,,,,277,,,,,,,,15.38,18.46,0,,,,,,,,,,,,,,30g,130g,"과자, 식물성크림",,130,1,6850,
13곡 버터와플,(주)삼아인터내셔날,P101-106000100-4312,1.99E+13,100g,505,6.6,23.44,66.82,18.15,,,,,,236,,,,,,,,32.92,10.12,0.17,,,,,,,,,,,,,,30g,72g,"밀크향, 곡류가공품, 곡류가공품, 레시틴, 유함유가공품, 곡류가공품, 기타가공품, 곡류가공품, 전란액, 가공버터, 설탕, 쇼트닝, 밀가루, 곡류가공품, 정제소금, 당류가공품, 우유",,72,4,3850,
흑미하임,(주)크라운제과,P101-105000100-0227,2.01E+13,100g,538,7,30,60,34,,,,,,170,,,,,,,,10,17,0,,,,,,,,,,,,,,30g,142g,"밀가루, 가공유지, 설탕, 혼합분유, 유청, 기타가공품, 유당, 땅콩 또는 견과류가공품, 기타가공품, 올리고당, 쇼트닝, 곡류가공품, 코코아분말, 옥수수기름(옥배유), 레시틴, 자당지방산에스테르, 글리세린지방산에스테르, 덱스트린, 정제소금, 탄산수소나트륨, 탄산수소암모늄, 구아검, 밀크향, 헤이즐넛향, 식품첨가물",,284,12,5733,
후렌치파이딸기,해태제과식품(주),P101-106000100-2005,1.99E+12,100g,462,5.38,20,61.54,30.77,,,,,,231,,,,,,,,6.15,10.77,0.23,,,,,,,,,,,,,,30g,192g,"로커스트콩검, 레시틴, 쇼트닝, 정제소금, 혼합식용유, 비엘마아가린, 가당사과, 가당딸기, 포도당, 물엿, 밀가루, 백설탕, 마가린, 밀가루, 적양배추색소, 레드칼라, 펙틴, 아미드펙틴, 딸기향, 구연산(결정), 정제수, 잔탄검",,192,1,4190,
후렌치파이 크랜베리,해태제과식품(주),P101-106000100-7044,1.99E+13,100g,445,6,18,65,26,,,,,,220,,,,,,,,5.41,10,0.21,,,,,,,,,,,,,,30g,192g,"기타잼, 밀가루, 물엿, 과.채가공품, 마가린, 혼합식용유, 정제소금, 쇼트닝, 레시틴, 펙틴, 아미드펙틴, 향료, 과.채가공품, 로커스트콩검, DL-사과산, 구연산(결정), 레드칼라, 잔탄검, 정제수, 마가린, 백설탕, 밀가루",,,1,3980,
후렌치파이 샤인머스캣,해태제과식품(주),P101-412000100-0091,1.99E+13,100g,442,5,18,65,28,,,,,,240,,,,,,,,5,10,0,,,,,,,,,,,,,,70g,192g,"정제수, 잔탄검, 그린칼라, 구연산(결정), 로커스트콩검, 향료, 향료, 향료, 과.채가공품, 밀가루, 백설탕, 마가린, 기타잼, 밀가루, 물엿, 과.채가공품, 마가린, 혼합식용유, 정제소금, 쇼트닝, 레시틴, 펙틴, 아미드펙틴",,192,1,4380,
후렌치파이 쁘띠 초코,해태제과식품(주),P101-106000100-4064,1.99E+13,100g,525,8,27,62,20,,,,,,260,,,,,,,,5,15,0.2,,,,,,,,,,,,,,30g,179g,"정제수, 향료, 가공버터, 정제소금, 마가린, 백설탕, 밀가루, 마가린, 준초콜릿, 밀가루",,179,1,4690,
후렌치파이 블랙커런트,해태제과식품(주),P101-106000100-6406,1.99E+13,100g,445,6,18,64,26,,,,,,230,,,,,,,,3.8,10,0.21,,,,,,,,,,,,,,30g,192g,"밀가루, 백설탕, 마가린, 기타잼, 밀가루, 물엿, 마가린, 혼합식용유, 과.채가공품, 과.채가공품, 정제소금, 쇼트닝, 레시틴, 펙틴, 아미드펙틴, 향료, 로커스트콩검, 구연산(결정), 퍼플칼라, 적양배추색소, 잔탄검, 정제수",,192,1,3490,
후레쉬베리 딸기바나나,(주)오리온 제2익산공장,P101-106000100-7132,1.98E+13,100g,450,3.57,21.43,60.71,39.29,,,,,,125,,,,,,,,78.57,9.64,0,,,,,,,,,,,,,,30g,336g,"백설탕, 밀가루, 전란액, 잼, 식물성유지, 식물성유지, 식물성크림, 물엿, 물엿, 주정, 덱스트린, 과.채가공품, 유화제, 유화제, 유화제, 유화제, 혼합제제, 전지분유, 올리고당, 유청, D-소비톨액, 혼합제제, 기타가공품, 향료, 향료, 향료, 향료, 식염, 혼합제제, 향료제제, 혼합제제, 잔탄검, 구연산, 혼합제제, 혼합제제, 천연향료",,448,16,381,
화이트엔젤 mini 팝핑스타,해태제과식품(주)천안2공장,P101-106000100-4305,1.99E+13,100g,477,2,17,79,72,,,,,,30,,,,,,,,5,14,0,,,,,,,,,,,,,,30g,138g,"설탕, 캔디류, 식물성크림",,138,2,3495,
서주 홈앤키즈 칼슘웨하스 딸기,서주제과㈜,P101-105000100-0192,1.99E+13,100g,524,2.38,28.57,59.52,16.67,,702,2.86,,,95,,,,,,,11.9,0,11.9,0,,,,,,,,,,,,,,30g,42g,"팜유, 정제수, 밀가루, 포도당, 기타설탕, 기타가공품, 기타가공품, 혼합분유, 과.채가공품, 전란액, 산도조절제, 유화제, 미강유(현미유), 정제소금, 산도조절제, 기타가공품, 피로인산제이철, 산화아연, 덱스트린, 귀리식이섬유, 엽산, 프락토올리고당, 혼합제제",,50,1,650,
서주 홈앤키즈 초유웨하스 바닐라,서주제과㈜,P101-105000100-0191,1.99E+13,100g,548,4.76,30.95,57.14,21.43,,,2.86,,,71,,,,,,,11.9,0,11.9,0,,,,,,,,,,,,,,30g,42g,"포도당, 밀가루, 정제수, 팜유, 엽산, 산화아연, 피로인산제이철, 산도조절제, 기타가공품, 정제소금, 미강유(현미유), 천연향료, 유화제, 산도조절제, 전란액, 기타가공품, 혼합분유, 기타가공품, 기타설탕, 혼합제제, 효모식품",,70,1,800,
홈런볼 초코&소금우유 2MIX,해태제과식품(주),P101-106000100-2946,1.99E+13,100g,555,9,34,53,34,,,,,,210,,,,,,,,65,13,0,,,,,,,,,,,,,,30g,131g,"정제수, 식물성크림, 준초콜릿, 전란액, 마가린, 밀가루, 난백액, 찰옥수수알파전분, 기타가공품, 글리세린지방산에스테르, 정제소금, 탄산수소암모늄, 탄산수소나트륨, 레시틴, 바닐라향, 비타민B2",,,1,5500,
호라산밀뻥,동서제과,P101-106000100-2648,2.00E+12,100g,392,12.34,1.86,81.55,14.19,,,,,,47,,,,,,,,0,0.37,0.01,,,,,,,,,,,,,,30g,6000g,"밀, 설탕, 사카린나트륨",,170,2,3000,
현미국산쑥모나카,(주)청우식품,P101-106000100-4056,1.99E+13,100g,346,3.46,0.77,81.73,43.27,,,,,,10,,,,,,,,0,0.02,0,,,,,,,,,,,,,,30g,104g,"혼합제제, 고형차, 한천, 곡류가공품, 사양벌꿀, D-소비톨액, 찰옥수수전분, 기타가공품, 기타엿, 찹쌀, 물엿, 설탕, 두류가공품, 정제수",,,14,1496,
현미 국산팥 모나카,(주)청우식품,P101-106000100-3365,1.99E+13,100g,341,3.85,1.25,78.84,40.38,,,,,,5,,,,,,,,0,0,0,,,,,,,,,,,,,,30g,104g,"물엿, 설탕, 팥, 찹쌀, 기타엿, 한천, 사양벌꿀, 곡류가공품, D-소비톨액, 전분",,104,6,4520,
현미 국산깨 모나카,(주)청우식품,P101-106000100-3364,1.99E+13,100g,351,4.81,0,76.92,33.65,,,,,,34,,,,,,,,0,0,0,,,,,,,,,,,,,,30g,104g,"한천, 코코아분말, 사양벌꿀, 곡류가공품, 기타 농산가공품, D-소비톨액, 전분, 기타엿, 찹쌀, 물엿, 설탕, 두류가공품",,104,4,3680,
허니자색고구마스낵,(주)광일식품,P101-104000100-1989,1.99E+13,100g,456,1.67,15.83,76.66,17.5,,,,,,392,,,,,,,,0,5.42,0,,,,,,,,,,,,,,30g,120g,"식품첨가물혼합제제, 향료제제, 식물성크림, 정제수, 벌꿀, 기타소금, 정제소금, 조미식품, 포도당, 기타 농산가공품, 서류가공품, 물엿, 설탕, 팜올레인유, 밀가루, 가공소금, 베이킹파우더, 효모, 복합조미식품",,120,12,2012,
허니버터구운미니바게트,(주)광일식품,P101-403000100-0015,1.99E+13,100g,475,10.62,18.95,65.53,15.84,,,,,,775,,,,,,,,2.91,8.44,0,,,,,,,,,,,,,,70g,100g,"건파슬리, 곡류가공품, 식품첨가물혼합제제, 효모, 정제소금, 전분, 기타가공품, 복합조미식품, 쇼트닝, 마가린, 설탕, 밀가루",,100,16,2406,
허니버터 프레즐,주식회사위너스,P101-414000100-0002,2.01E+12,100g,486,9.41,20.9,64.99,4.57,,,,,,630,,,,,,,,2.72,9.53,0,,,,,,,,,,,,,,70g,10g,"복합조미식품, 팜올레인유, 과자, 사양벌꿀",,70,2,3470,
허니버터 팝콘,(주)바프,P101-101000100-0195,2.00E+13,100g,670,5.53,40.44,70.93,33.8,,,,,,1057,,,,,,,,2.98,6.18,0.04,,,,,,,,,,,,,,20g,80g,"옥수수, 레시틴, 복합조미식품, 설탕, 혼합식용유",,80,4,1390,
허니바나나맛에이치비엠칩스,(주)델토리,P101-104000100-1988,2.01E+13,100g,539,5.16,30.75,60.28,13.87,,,,,,90,,,,,,,,1.55,29.43,0.06,,,,,,,,,,,,,,30g,72g,"정제수, 기타가공품, 치자황색소, 정제소금, 설탕, 탄산칼슘, 곡류가공품, 밀가루, 전분, 곡류가공품, 곡류가공품, 식물성크림",,27,6,4482,
허니갈릭 트위스트,미찌푸드 주식회사,P101-106000100-7038,2.01E+13,100g,491,2,23,69,29,,,,,,453,,,,,,,,0,8,0,,,,,,,,,,,,,,30g,150g,"전분가공품, 팜올레인유, 백설탕, 벌꿀류, 소스, 천연향신료, 복합조미식품, 올리고당, 누룽지분말, 향료제제, 정제소금",,150,2,5350,
한입참짱이야,(주)코스모스제과,P101-103000400-2074,1.99E+13,100g,522,5.29,27.65,63.24,14.12,,,,,,235,,,,,,,,0,9.12,0,,,,,,,,,,,,,,30g,340g,"팜올레인유, 계피가루, 식품첨가물혼합제제, 탄산수소나트륨, 혼합제제, 향신료가공품, 기타가공품, 탄산수소암모늄, 참깨, 정제소금, 땅콩버터, 물엿, 당류가공품, 밀가루, 코코넛시럽, 식물성크림",,310,2,3900,
한입참누룽지스낵,(주)코스모스제과,P101-106000100-1965,1.99E+13,100g,496,4.35,20.87,72.61,21.74,,,,,,74,,,,,,,,0,10.43,0,,,,,,,,,,,,,,30g,230g,"고올레산해바라기유, 정제소금, 사과농축액, 사양벌꿀, 팜올레인유, 당류가공품, 쌀, 향료, 결정셀룰로스",,200,1,4900,
한입참꽈배기,(주)코스모스제과,P101-106000100-1964,1.99E+12,100g,523,6.57,27.14,63.14,16.86,,,,,,246,,,,,,,,0.86,12,0.09,,,,,,,,,,,,,,30g,350g,"혼합제제, 가공연유, 탄산수소암모늄, 정제소금, 과.채가공품, 식물성크림, 콩고물시즈닝, 땅콩버터, 물엿, 당류가공품, 팜올레인유, 밀가루, 혼합제제, 육두구파우더, 탄산수소나트륨, 합성향료",,320,2,3725,
한끼바 치즈맛,(주)오리온 제2익산공장,P101-106000100-7125,1.98E+13,100g,408,15,17.5,55,4.75,15,,,,,425,,,,,,,,37.5,8.75,0,,,,,,,,,,,,,,30g,40g,"땅콩 또는 견과류가공품, 기타가공품, 효소처리스테비아, 수크랄로스, 아세설팜칼륨, 혼합제제, 향료, 복합조미식품, 기타가공품, 식염, 산도조절제, 산도조절제, 산도조절제, 가공유크림, 가공치즈, 과.채가공품, 탈지분유, 당류가공품, 가공치즈, 글리세린, 두류가공품, 올리고당, 유함유가공품, 밀가루, 마가린, 폴리덱스트로스, 두류가공품, 땅콩 또는 견과류가공품, 난황액",,40,12,1192,
한글과자 초코맛,(주)오리온제4청주공장,P101-106000100-4522,1.99E+13,100g,490,6,18,76,28,,,,,,360,,,,,,,,0,10,1.6,,,,,,,,,,,,,,30g,50g,"밀가루, 백설탕, 쇼트닝, 코코아분말, 물엿, 코코아분말, 코코아매스, 식염, 탄산수소암모늄, 탄산수소나트륨, 제일인산칼슘, 카카오 향료, 밀크향",,50,1,3790,
한글과자 마늘맛,(주)오리온제4청주공장,P101-106000100-3788,1.99E+13,100g,454,6,14,76,20,,,,,,360,,,,,,,,0,7.2,0,,,,,,,,,,,,,,30g,50g,"밀가루, 백설탕, 식물성유지, 마늘가루, 물엿, 식염, 탄산수소암모늄, 탄산수소나트륨, 제일인산칼슘, 구운마늘향",,100,2,3950,
하림 오!늘단백 밀크초코 카라멜 바,(주)삼아인터내셔날,P101-106000100-7120,1.99E+13,100g,375,33.33,14.58,39.58,6.25,16.7,,,,,562,,,,,,,,8.33,7.71,0,,,,,,,,,,,,,,30g,576g,"레시틴, 정제소금, 카라멜향, 허브추출물, 건조저장육류, 코코아분말, 폴리글리시톨시럽, 소스, 말티톨시럽, 해바라기유, 콜라겐, 분리유단백, 난소화성말토덱스트린(고시형), 두류가공품, 대두단백분말, 프락토올리고당, 준초콜릿, 글리세린",,576,13,1479,
틈새나쵸,(주)델토리,P101-106000100-2620,2.01E+13,100g,531,6,29,62,2,,,,,,350,,,,,,,,0,10,0,,,,,,,,,,,,,,30g,75g,"가공치즈, 백설탕, 기타소금, 기타가공품, 덱스트린, 복합조미식품, 과자",,82,2,4760,
픽셀리 치즈별콘,(주)델토리,P101-106000100-4520,2.01E+13,100g,482,5.61,20.77,68.05,6.9,,,,,,783,,,,,,,,0.41,12.66,0,,,,,,,,,,,,,,30g,80g,"곡류가공품, 팜유, 곡류가공품, 복합조미식품, 전분, 밀가루, 곡류가공품, 설탕, 정제소금, 탄산칼슘, 파프리카추출색소, 정제수",,,1,10300,
피크민 꽃모양스낵,(주)델토리,P101-104000100-1197,2.01E+13,100g,545,5.63,30.98,60.88,21.42,,,,,,144,,,,,,,,4.17,24.99,0.18,,,,,,,,,,,,,,30g,76g,"정제수, 정제소금, 설탕, 탄산칼슘, 곡류가공품, 밀가루, 전분, 곡류가공품, 곡류가공품, 식물성크림",,76,10,2645,
삼아 미니 피스타치오 웨하스,(주)삼아인터내셔날,P101-105000100-0240,1.99E+13,100g,494,5.31,21.64,69.57,37.83,,,,,,118,,,,,,,,5.66,12.55,0,,,,,,,,,,,,,,30g,180g,"땅콩 또는 견과류가공품, 식품첨가물, 정제소금, 당류가공품, 향료, 향료, 향료제제, 곡류가공품, 식품첨가물, 전란액, 덱스트린, 유당, 유청, 포도당, 설탕, 쇼트닝, 밀가루, 혼합제제",,180,12,2498,
플레인계란과자,(주)청우식품,P101-103000400-1986,2.01E+13,100g,489,6.15,21.54,67.69,29.23,,,,,,146,,,,,,,,53.85,10.77,0,,,,,,,,,,,,,,30g,65g,"곡류가공품, 글리세린지방산에스테르, 밀가루, 유정란, 쇼트닝, 옥수수전분, 가공버터, 혼합분유, 탄산수소암모늄, 천연바닐라추출액, 탄산수소나트륨, 정제염, 설탕",,40,36,656,
플랑 파인애플,(주)청우식품,P101-106000100-4283,2.01E+13,100g,425,5,13,72,33,,,,,,180,,,,,,,,20,4.1,0,,,,,,,,,,,,,,30g,160g,"정제수, 과.채가공품, 전란액, 곡류가공품, 마가린, 물엿, 가당연유, 기타과당, 복합조미식품, 과.채가공품, 덱스트린, 정제소금, 아미드펙틴, 레시틴, 탄산수소암모늄, 탄산수소나트륨, 향료, 구연산, DL-사과산, 바닐린, 치자황색소, 혼합제제, 비타민B2, 쇼트닝, 기타설탕, 설탕, 밀가루, 물엿",,160,22,859,
프로킷,서주푸드주식회사,P101-106000100-4517,1.99E+13,100g,476,12.73,18.18,65.46,25.46,,,,,,400,,,,,,,,16.36,7.46,0,,,,,,,,,,,,,,30g,55g,"당류가공품, 정제소금, 산도조절제, 레시틴, 향료, 기타가공품, 당류가공품, 전란액, 두류가공품, 밀가루, 설탕, 쇼트닝",,55,12,703,
프로틴 칩 허니갈릭맛,(주)에스디씨,P101-104000100-2391,2.01E+13,100g,400,25,6.5,62.5,5,5,,,,,975,,,,,,,,12.5,2.5,0,,,,,,,,,,,,,,30g,40g,"분말셀룰로스, 설탕, 비타민E, 정제소금, 기타가공품, 식물성유지, 복합조미식품, 전분, 옥수수가루, 밀가루, 두류가공품, 쌀가루",,44,3,1787,
프로틴 칩 콰트로치즈맛,(주)에스디씨,P101-104000100-2390,2.01E+13,100g,400,25,6.75,62.5,5.75,3.8,,,,,1000,,,,,,,,0,2.5,0,,,,,,,,,,,,,,30g,40g,"비타민E, 정제소금, 분말셀룰로스, 설탕, 쌀가루, 두류가공품, 밀가루, 옥수수가루, 전분, 복합조미식품, 식물성유지, 기타가공품",,40,3,3300,
프로틴 칩 콘소메맛,(주)에스디씨,P101-104000100-2389,2.01E+13,100g,400,25,6,65,5.5,3.8,,,,,1000,,,,,,,,0,2.5,0,,,,,,,,,,,,,,30g,40g,"비타민E, 정제소금, 분말셀룰로스, 설탕, 기타가공품, 식물성유지, 복합조미식품, 전분, 옥수수가루, 밀가루, 두류가공품, 쌀가루",,40,12,2325,
프로틴 칩 칠리바베큐맛,(주)에스디씨,P101-104000100-2388,2.01E+13,100g,400,25,7.25,62.5,5,5.8,,,,,850,,,,,,,,0,2.5,0,,,,,,,,,,,,,,30g,40g,"비타민E, 정제소금, 분말셀룰로스, 설탕, 복합조미식품, 기타가공품, 식물성유지, 복합조미식품, 쌀가루, 두류가공품, 밀가루, 옥수수가루, 전분",,40,3,3300,
프로틴 칩 어니언랜치맛,(주)에스디씨,P101-104000100-2387,2.01E+13,100g,400,25,7.5,62.5,5,6.3,,,,,825,,,,,,,,0,2.5,0,,,,,,,,,,,,,,30g,40g,"쌀가루, 두류가공품, 밀가루, 옥수수가루, 전분, 복합조미식품, 식물성유지, 기타가공품, 복합조미식품, 설탕, 분말셀룰로스, 정제소금, 비타민E",,40,6,2983,
프로틴 칩 명란마요맛,(주)에스디씨,P101-104000100-2386,2.01E+13,100g,400,25,7,62.5,5,3.5,,,,,1013,,,,,,,,0,2.75,0,,,,,,,,,,,,,,30g,40g,"분말셀룰로스, 정제소금, 비타민E, 복합조미식품, 전분, 옥수수가루, 밀가루, 두류가공품, 쌀가루, 설탕, 기타가공품, 식물성유지",,40,3,3570,
프레첼 믹스 바질토마토피자맛,주식회사위너스,P101-106000100-6242,2.01E+12,100g,487,10.34,19.84,66.74,5.89,,,,,,788,,,,,,,,2.36,7.11,0.08,,,,,,,,,,,,,,30g,100g,"땅콩 또는 견과류가공품, 팜올레인유, 과자, 복합조미식품, 과자, 복합조미식품, 설탕, 복합조미식품",,85,6,2558,
자이언츠 피카츄 냐냐,(주)델토리,P101-106000100-2594,2.01E+13,100g,465,6.11,17.69,70.3,24.49,,,,,,110,,,,,,,,1.92,14.6,0.03,,,,,,,,,,,,,,30g,71g,"정제수, 치자황색소, 정제소금, 설탕, 탄산칼슘, 곡류가공품, 밀가루, 곡류가공품, 곡류가공품, 식물성크림",,,1,1750,
포테토칩 잭슨페퍼로니맛,(주)농심,P101-106000100-2590,1.99E+13,100g,580,6.4,38,52,6.2,,,,,,580,,,,,,,,0,10,0,,,,,,,,,,,,,,30g,50g,"채종유(유채유 또는 카놀라유), 복합조미식품, 팜유류, 감자",,50,16,4751,
포테토칩 K-양념치킨맛,(주)농심,P101-104000100-1983,1.99E+13,100g,570,4.8,38,52,4,,,,,,580,,,,,,,,0,10,0,,,,,,,,,,,,,,30g,50g,"감자, 채종유(유채유 또는 카놀라유), 팜유류, 복합조미식품",,50,6,1190,
포테이토칩 트러플맛,(주)코스모스제과,P101-106000100-1881,1.99E+13,100g,525,7.5,30.83,55,2.5,,,,,,733,,,,,,,,0,13.33,0,,,,,,,,,,,,,,30g,120g,"감자칩, 복합조미식품",,360,6,8817,
포키딸기,해태제과식품(주),P101-103000400-1913,1.99E+13,100g,488,7.32,19.51,70.73,39.02,,,,,,293,,,,,,,,0,14.63,0,,,,,,,,,,,,,,30g,41g,"식물성크림, 강력분, 백설탕, 과.채가공품, 쇼트닝, 과.채가공품, 전지분유, 곡류가공품, 전분가공품, 정제소금, 효모, 버터, 제삼인산나트륨, 향료, 향료, 탄산수소나트륨, 향료, DL-사과산, 향료, 혼합제제, 구연산, 정제효소제, 정제수",,131,8,1125,
포카칩 페퍼,(주)오리온제4청주공장,P101-104000100-1012,1.99E+13,100g,595,6.67,41.67,48.33,1.67,,,,,,383,,,,,,,,0,16.67,0,,,,,,,,,,,,,,30g,60g,"복합조미식품, 식물성유지, 감자",,60,6,1667,
포카칩 버터감자맛,(주)오리온제4청주공장,P101-104000100-1185,1.99E+13,100g,573,3.33,40,50,3.33,,,,,,433,,,,,,,,0,11.33,0,,,,,,,,,,,,,,30g,110g,"감자, 복합조미식품, 식물성유지",,60,20,2096,
페퍼로니피자맛팝콘,(주)바프,P101-101000100-0409,2.00E+13,100g,511,4.65,28.48,59,27.38,,,,,,429,,,,,,,,0.96,9.45,0.15,,,,,,,,,,,,,,20g,100g,"옥수수, 레시틴, 복합조미식품, 설탕, 혼합식용유",,80,3,1867,
팬케이크,(주)청우식품,P101-432000100-0003,1.99E+13,100g,367,6,7,70,42,,,,,,120,,,,,,,,115,2,0,,,,,,,,,,,,,,70g,350g,"바닐린, 향료, 탄산수소나트륨, 설탕, 전란액, 밀가루, 물엿, D-소비톨액, 마가린, 팥, 기타엿, 식물성크림, 가공버터, 주정, 혼합제제, 한천, 정제소금, 주정, 정제수, 혼합제제",,350,2,4030,
팝콘 김치시즈닝맛,(주)바프,P101-101000100-0936,2.00E+13,100g,549,5.29,32.28,59.23,26.49,,,,,,767,,,,,,,,0,9.39,0.04,,,,,,,,,,,,,,20g,100g,"레시틴, 향미유, 복합조미식품, 혼합식용유, 설탕, 옥수수",,80,3,1500,
파파크래커,(주) 청우식품,P101-103000100-0845,2.01E+13,100g,480,7,19,70,15,,,,,,530,,,,,,,,15,5,0,,,,,,,,,,,,,,30g,250g,"밀가루, 설탕, 쇼트닝, 팜유, 양파, 탄산수소나트륨, 탄산수소암모늄, 정제소금, 대파, 제일인산칼슘, 프로테아제, 향신료올레오레진류, 찹쌀, 가공버터, 기타 농산가공품, 전분가공품, 정제수",,200,2,5415,
파주장단콩으로만든두부과자야채맛,(주)코스모스제과,P101-106000100-6387,1.99E+13,100g,507,8.6,24.52,62.95,9.06,,,,,,566,,,,,,,,5.98,11.98,0.13,,,,,,,,,,,,,,30g,100g,"밀가루, 팜올레인유, 과.채가공품, 두부, 당류가공품, 밀가루, 참깨, 정제소금, 계란, 혼합제제, 복합조미식품, 효모, 혼합제제",,50,6,1540,
파래김맛팝콘,(주)바프,P101-101000100-0480,2.00E+13,100g,502,5.14,26.61,60.51,25.32,,,,,,496,,,,,,,,0.31,8.61,0.13,,,,,,,,,,,,,,20g,100g,"레시틴, 복합조미식품, 설탕, 혼합식용유, 옥수수",,80,3,1770,
팅클별 매콤달콤,(주)델토리,P101-106000100-4499,2.01E+13,100g,512,5.18,25.49,65.49,5.71,,,,,,929,,,,,,,,0,12.18,0.1,,,,,,,,,,,,,,30g,60g,"정제수, 파프리카추출색소, 탄산칼슘, 정제소금, 복합조미식품, 설탕, 곡류가공품, 밀가루, 복합조미식품, 전분, 팜유, 곡류가공품, 곡류가공품",,60,3,4167,
서주 티젠 티오마카세 호지차 웨하스,서주푸드 주식회사,P101-105000100-0449,1.99E+13,100g,436,3,20,75,0,,,,,,75,,,,,,,,0,20,0,,,,,35,,,,,,,,,30g,100g,"정제수, 밀가루, 전분, 전란액, 정제소금, 레시틴, 산도조절제, 미강유(현미유), 산도조절제, 기타가공품",,100,1,7900,
서주 티젠 티오마카세 얼그레이 웨하스,서주푸드 주식회사,P101-105000100-0448,1.99E+13,100g,435,4,20,74,0,,,,,,80,,,,,,,,0,19,0,,,,,35.5,,,,,,,,,30g,100g,"기타가공품, 정제수, 밀가루, 전분, 전란액, 정제소금, 레시틴, 산도조절제, 미강유(현미유), 산도조절제",,100,1,7900,
티젠 티오마카세 얼그레이 아몬드 와플,서주푸드 주식회사,P101-429000100-0003,1.99E+13,100g,435,6,17,73,0,,,,,,398,,,,,,,,21,8,0,,,,,21.3,,,,,,,,,70g,110g,"밀가루, D-말티톨, 쇼트닝, 정제수, 전란액, 아몬드분말, 가공버터, 고형차, 산도조절제, 아세설팜칼륨, 바닐린, 수크랄로스, 레시틴, 정제소금",,110,1,6800,
서주 티젠 티오마카세 말차 웨하스,서주푸드 주식회사,P101-105000100-0447,1.99E+13,100g,432,3,20,74,0,,,,,,74,,,,,,,,0,18,0,,,,,35,,,,,,,,,30g,100g,"기타가공품, 정제수, 밀가루, 전분, 전란액, 정제소금, 레시틴, 산도조절제, 미강유(현미유), 산도조절제",,100,2,7240,
통아몬드 고구마 쿠키,한울 농업회사법인 주식회사,P101-103000100-5263,2.02E+13,100g,540,8,32,56,22,,,,,,170,,,,,,,,80,12,0,,,,,,,,,,,,,,30g,50g,"계피가루, 베이킹파우더, 정제소금, 바닐라향, 기타식물성유지, 옥수수전분, 당류가공품, 생크림, 마가린, 쇼트닝, 볶음아몬드분태, 전란액, 박력분, 고구마, 산성아황산나트륨, 슈가파우더",,50,6,3450,
아이얌 촉촉한 두부와플 감자,(주)삼아인터내셔날,P101-103000400-1766,1.99E+13,100g,488,8.91,26.56,53.13,23.44,,,,,,328,,,,,,,,53.13,17.19,0,,,,,,,,,,,,,,30g,64g,"가공버터, 밀가루, 정제소금, 계란, 감자향, 건조감자분말, 비타민 A(고시형), 칼슘(고시형), 분말유크림, 과.채가공품, 두부, 설탕",,64,1,12980,
해태 크림웨하스,해태제과식품(주)천안2공장,P101-105000100-0567,1.99E+13,100g,500,6,23,68,28,,,,,,230,,,,,,,,10,10.6,0,,,,,,,,,,,,,,30g,50g,"쇼트닝, 밀가루, 기타가공품, 포도당, 기타설탕, 정제수, 향료, 바닐린, 향료, 향료, 탄산수소암모늄, 탄산수소나트륨, 정제소금, 유화제, 기타가공품, 전란분, 유청단백분말",,50,20,571,
해태 미니 크림 웨하스,해태제과식품(주),P101-105000100-0175,1.98E+13,100g,550,6.67,30,63.33,30,,,,,,133,,,,,,,,5.67,13.33,0,,,,,,,,,,,,,,30g,150g,"합성향료, 바닐린, 합성향료, 레시틴, 합성향료, 탄산수소나트륨, 정제소금, 전란분, 탄산수소암모늄, 기타가공품, 유청단백분말, 기타가공품, 분말결정포도당, 기타설탕, 쇼트닝, 밀가루",,150,10,2250,
크레오파트라 솔트앤김,(주)농심,P101-104000100-0998,1.99E+13,100g,583,5.83,38.33,53.33,3,,,,,,517,,,,,,,,0,11.67,0,,,,,,,,,,,,,,30g,60g,"복합조미식품, 팜유류, 채종유(유채유 또는 카놀라유), 감자",,60,20,1542,
크라운츄러스,(주)크라운제과,P101-103000400-1669,1.99E+13,100g,540,5,30,62.5,25,,,,,,375,,,,,,,,0,9.75,0,,,,,,,,,,,,,,30g,40g,"정제수, 향료, 가공소금, 산도조절제, 산도조절제, 정제소금, 향신료조제품, 당시럽류, 곡류가공품, 설탕, 설탕, 혼합식용유, 밀가루",,84,1,750,
크라운못말리는신짱,미찌푸드(주),P101-103000400-1661,2.01E+12,100g,520,6.67,26.67,63.33,23.33,,,,,,300,,,,,,,,2,9,0,,,,,,,,,,,,,,30g,120g,"밀가루, 혼합식용유, 백설탕, 프락토올리고당, 분말결정포도당, 산도조절제, 정제소금, 검정깨(흑임자), 복합조미식품, 벌꿀, 계피가루, 5-리보뉴클레오티드이나트륨, 향료제제, 향료, 향료, 정제수",,120,1,760,
크라운C콘칲,(주)크라운제과 아산공장,P101-104000100-2381,1.99E+11,100g,519,4.29,27.14,64.29,2.86,,105,,,,529,,,,,,,,0,8.57,0,,,,,,,,,,,,,,30g,70g,"옥수수가루, 혼합식용유, 복합조미식품, 천일염, 기타가공품, 탄산수소나트륨, 정제수",,70,16,956,
쿠크다스 말차에디션,(주)크라운제과,P101-103000100-4359,2.01E+13,100g,537,7,29,62,39,,,,,,230,,,,,,,,10,19,0,,,,,,,,,,,,,,30g,289g,"코코넛향, 탄산수소나트륨, 정제소금, 레시틴, 혼합식용유, 혼합제제, 기타가공품, 과.채가공품, 준초콜릿, 가공버터, 난백액, 쇼트닝, 설탕, 식물성크림, 밀가루",,289,1,4500,
콤비네이션피자맛팝콘,(주)바프,P101-101000100-0475,2.00E+13,100g,507,5.86,29.89,53.61,15.79,,,,,,765,,,,,,,,1.39,10.03,0.16,,,,,,,,,,,,,,20g,100g,"레시틴, 복합조미식품, 설탕, 혼합식용유, 옥수수",,55,3,1710,
콘치 치즈크림,(주)크라운제과,P101-106000100-1780,1.99E+12,100g,532,6.06,28.79,62.12,24.24,,,,,,197,,,,,,,,7.58,18.18,0,,,,,,,,,,,,,,30g,66g,"옥수수가루, 백설탕, 정제가공유지, 혼합식용유, 탈지밀, 전지밀-에스, 치즈분말-디, 쌀가루, 정제염, 결정셀룰로오스, 레시틴, 자당지방산에스테르, 옥수수오일, 글리세린지방산에스테르, 치즈향, 유청단백분말, 경성가공치즈, 혼합제제류, 정제수",,66,1,860,
콘스프칩990,(주)델토리,P101-104000100-0756,2.01E+13,100g,537,6.61,30.21,59.72,5.06,,,,,,576,,,,,,,,0,16.25,0,,,,,,,,,,,,,,30g,62g,"곡류가공품, 팜유, 곡류가공품, 복합조미식품, 탄산칼슘, 설탕, 정제소금, 복합조미식품, 정제수",,62,10,1484,
컴포트잇츠이너프 시리얼 브렉퍼스트바,(주)삼아인터내셔날,P101-106000100-3743,1.99E+13,100g,450,11.9,19.7,56.4,17.7,,,,,,123,,,,,,,,0,1.9,0,,,,,,,,,,,,,,30g,100g,"복합조미식품, 곡류가공품, 난소화성말토덱스트린(고시형), 두류가공품, 고올레산해바라기유, 이소말토올리고당, 과자, 곡류가공품, 볶음땅콩, 아몬드, 곡류가공품, 물엿, 글리세린, 향료, 레시틴, 정제소금, 기타가공품",,35,40,590,
칸쵸 멜론,롯데웰푸드(주),P101-106000100-4484,1.98E+13,100g,235,2,10,34,19,,,,,,140,,,,,,,,0,6,0,,,,,,,,,,,,,,30g,54g,"프로테아제, 향료제제, 향료, 향료, 기타가공품, 정제소금, 덱스트린, 기타가공품, 산도조절제, 산도조절제, 팜유, 밀가루, 정제수, 설탕, 밀가루, 식물성크림",,54,10,1790,
카카오비스킷 오리온샌드 까메오 White cream,(주)오리온,P101-105000100-0164,1.98E+11,100g,494,6.06,21.21,69.7,34.85,,,,,,439,,,,,,,,0,15.15,0,,,,,,,,,,,,,,30g,66g,"옥수수전분, 과당, 코코아분말, 기타가공품, 곡류가공품, 전지분유, 산도조절제, 산도조절제, 산도조절제, 식염, 합성향료, 혼합제제, 혼합제제, 포도당, 유당, 밀가루, 백설탕, 식물성유지, 식물성유지, 코코아분말",,100,24,991,
롯데 카스타드모닝밀,롯데제과(주),P101-103000400-1513,2.00E+13,100g,476,4.76,23.81,52.38,33.33,,,,,,214,,,,,,,,142.86,12.86,0,,,,,,,,,,,,,,30g,210g,"전란액, 설탕, 밀가루, D-소비톨액, 쇼트닝Ⅰ, 쇼트닝Ⅱ, 미강유, 기타가공품Ⅰ, 기타 식용유지가공품, 기타가공품, 곡류가공품, 가공연유, 주정, 기타엿, 당류가공품, 코코아분말, 우유, 기타가공품Ⅲ, 유화제, 글리세린, 기타과당, 폴리덱스트로스, 정제수, 유크림, 정제소금, 혼합제제, 코코아분말, 기타가공품, 합성향료, 유화제, 일반증류주, 식품첨가물",,378,1,10000,
롯데 카스타드 스트로베리&요거트,롯데웰푸드 주식회사,P101-106000100-6377,1.98E+13,100g,438,4.76,20.95,57.14,28.57,,,,,,119,,,,,,,,142.86,8.57,0,,,,,,,,,,,,,,30g,378g,"우유, 정제수, 가공유크림, 기타엿, 주정, 기타가공품, 식물성크림, 과.채가공품, 기타 식용유지가공품, 기타가공품, 미강유(현미유), 마가린, 글리세린, 물엿, 기타가공품, 쇼트닝, 분당, 쇼트닝, D-소비톨액, 설탕, 밀가루, 전란액, 기타가공품, 포도당, 기타과당, 혼합제제, 혼합분유, 정제소금, 향료, 향료, 식품첨가물, 혼합제제, DL-사과산, 향료제제, 과.채가공품",,126,2,2895,
카라멜솔티드프레첼,(주)바프원주공장,P101-106000100-4019,2.02E+12,100g,431,6.87,12.37,73.12,21.29,,,,,,1185,,,,,,,,24.99,7.31,0.5,,,,,,,,,,,,,,30g,100g,"기타가공품, 식품첨가물, 태움용융소금, 탄산수소나트륨, 쇼트닝, 덱스트린, 물엿, 가공버터, 갈색설탕, 과자",,30,10,980,
카라멜&치즈팝콘,(주)바프,P101-101000100-0473,2.00E+13,100g,476,4.47,22.04,64.88,32.68,,,,,,658,,,,,,,,1.42,7.09,0.11,,,,,,,,,,,,,,20g,100g,"설탕, 당류가공품, 갈색설탕, 물엿, 복합조미식품, 복합조미식품, 옥수수기름(옥배유), 태움용융소금, 쇼트닝, 레시틴, 허브추출물, 혼합식용유, 옥수수",,80,4,1490,
치토스매콤달콤한맛,롯데웰푸드주식회사,P101-104000100-0996,1.98E+13,100g,585,6.1,35.37,59.76,2.44,,,,,,585,,,,,,,,0,15.85,0.28,,,,,,,,,,,,,,30g,82g,"복합시즈닝, 식물성유지, 옥수수, 정제수, 곡류가공품, 쌀",,82,1,880,
치토스 돌아온 체스터 쿵 새콤달콤 딸기맛,(주)에스디씨,P101-104000100-0995,2.01E+13,100g,482,3.64,20,72.73,30.91,,,,,,291,,,,,,,,9.09,9.09,0.91,,,,,,,,,,,,,,30g,55g,"옥수수가루, 설탕, 식물성유지, 쌀가루, 기타가공품, 복합조미식품, 가공버터, 유청, 과.채가공품, 향료, 정제소금, 분말셀룰로스, 탄산칼슘, 향료제제, 홍국색소, 효소처리스테비아",,110,4,4400,
치즈양파맛팝콘,(주)바프,P101-101000100-0933,2.00E+13,100g,512,4.65,28.75,58.55,26.5,,,,,,404,,,,,,,,1.69,9.61,0.15,,,,,,,,,,,,,,20g,100g,"복합조미식품, 설탕, 옥수수, 혼합식용유, 레시틴",,80,3,1960,
치즈샌드Rich,(주)크라운제과,P101-106000100-3286,2.01E+13,100g,513,7,25,65,15,,,,,,540,,,,,,,,5,16,0,,,,,,,,,,,,,,30g,180g,"밀가루, 쇼트닝, 쇼트닝, 덱스트린, 설탕, 유함유가공품, 혼합식용유, 포도당, 기타설탕, 치즈혼합분말, 기타가공품, 탄산수소암모늄, 탄산수소나트륨, 제일인산칼슘, 체다치즈분말, 정제소금, 기타가공품, 소스류, 향료, 밀크향, 식품첨가물, 치즈향, DL-메티오닌, 파프리카추출색소, 가공치즈",,180,2,2810,
치즈 소프트콘,(주)코스모스제과,P101-106000100-4480,1.99E+13,100g,610,3.61,44.17,49.39,8.55,,,,,,504,,,,,,,,2.07,18.56,0.18,,,,,,,,,,,,,,30g,100g,"정제소금, 탄산칼슘, 결정셀룰로스, 복합조미식품, 팜올레인유, 옥수수가루",,150,6,1942,
치즈 블랙빈나쵸,미찌푸드주식회사,P101-104000100-1176,2.01E+13,100g,483,6.67,20,70,3.33,,,,,,517,,,,,,,,0,8.33,0,,,,,,,,,,,,,,30g,60g,"정제소금, 두류가공품, 곡류가공품, 복합조미식품, 팜올레인유, 곡류가공품",,60,6,1990,
츄러스짱구,삼양식품㈜,P101-104000100-0213,1.99E+14,100g,500,6.67,20,73.33,23.33,,,,,,533,,,,,,,,0,9.67,0,,,,,,,,,,,,,,30g,100g,"기타가공품, 향료, 효소처리스테비아, 탄산수소나트륨, 탄산수소암모늄, 정제소금, 계피가루, 물엿, 팜유, 백설탕, 정제수, 밀가루, 향료, 향료",,275,4,2202,
초코파이 정 바나나,㈜오리온 제4청주공장,P101-106000100-1717,1.99E+13,100g,465,5.41,21.62,62.16,35.14,,,,,,176,,,,,,,,21.62,13.51,0,,,,,,,,,,,,,,30g,444g,"쇼트닝, 물엿, 설탕, 밀가루, 바나나농축분말, 식염, 분말유크림, 가공유지, 유당, 전란액, 탈지분유, 식물성유지, 전지분유, 이소말토올리고당, 준초콜릿, 포도당, 주정, 탄산수소암모늄, 탄산수소나트륨, 제일인산칼슘, 젤라틴, 식물성유지, 가당연유, 식물성크림, 난백분, 당류가공품, 혼합제제, 레시틴, 자당지방산에스테르, 혼합제제, 혼합제제, 잔탄검, 기타가공품, 혼합제제, 혼합제제, 밀크향, 바닐라향, 합성향료, 바닐린, 바나나향, 혼합제제, 혼합제제, 향료제제",,444,14,1136,
초코몽실,(주)코스모스제과,P101-412000100-0088,1.99E+13,100g,535,5.34,29.25,62.7,25.73,,,,,,106,,,,,,,,2.85,28.31,0,,,,,,,,,,,,,,70g,100g,"혼합제제, 결정셀룰로스, 정제소금, 곡류가공품, 탄산칼슘, 복합조미식품, 고올레산해바라기유, 쌀그릿츠, 건조코코넛분말, 분당, 복합조미식품, 준초콜릿, 준초콜릿, 옥수수가루, 가공유지",,22,30,590,
초코먹은 공룡,(주) 청우식품,P101-103000100-5243,2.01E+13,100g,434,7.38,11.59,75.02,18.52,,,,,,276,,,,,,,,4.92,2.49,0.02,,,,,,,,,,,,,,30g,100g,"향료제제, 정제소금, 산도조절제, 가당연유, 기타과당, 코코아분말, 곡류가공품, 혼합분유, 쇼트닝, 마가린, 설탕, 밀가루, 향료, 산도조절제, 유함유가공품, 코코아매스, 프로테아제(세균성)",,60,3,1450,
초코말차쿠키,(주)대산후드,P101-103000100-2578,1.99E+13,100g,396,5.88,9.55,71.63,21.63,,,,,,138,,,,,,,,4.1,4.01,0,,,,,,,,,,,,,,30g,100g,"효모추출물, 탄산수소나트륨, 정제소금, 밀가루, 설탕, 쇼트닝, 고형차, 전란액, 당류가공품, 식물성크림, 정제수, 소스",,,1,11900,
체다치즈팝콘,(주)바프,P101-101000100-0472,2.00E+13,100g,482,5.01,23.48,62.64,29.3,,,,,,813,,,,,,,,2.06,7.72,0.12,,,,,,,,,,,,,,20g,100g,"허브추출물, 레시틴, 쇼트닝, 옥수수기름(옥배유), 옥수수, 설탕, 혼합식용유, 복합조미식품, 물엿",,80,3,1930,
체다치즈볼990,(주)에스디씨,P101-106000100-3269,2.01E+13,100g,527,5.33,32,54.67,8,,,,,,1453,,,,,,,,0,13.33,0,,,,,,,,,,,,,,30g,75g,"비타민E, 파프리카추출색소, 탄산칼슘, 정제소금, 분말셀룰로스, 기타가공품, 쌀가루, 복합조미식품, 식물성유지, 옥수수가루",,75,6,1840,
청양마요맛 새우칩,미찌푸드 주식회사,P101-106000100-2506,2.01E+13,100g,540,1.63,32.31,60.79,7.48,,,,,,1169,,,,,,,,5.19,13.52,0.06,,,,,,,,,,,,,,30g,100g,"서류가공품, 팜올레인유, 복합조미식품",,100,6,1570,
참기름반들기름반 생생감자칩,해태가루비(주)제2공장,P101-104000100-0847,2.02E+13,100g,575,6.67,38.33,51.67,3.33,,,,,,300,,,,,,,,8.33,15,0,,,,,,,,,,,,,,30g,60g,"복합조미식품, 혼합식용유, 감자",,60,5,1620,
찰호떡쿠키,(주)청우식품,P101-103000100-1524,1.99E+13,100g,423,6,15,66,27,,,,,,240,,,,,,,,17,9,0.1,,,,,,,,,,,,,,30g,215g,"밀가루, 설탕, 물엿, 마가린, 기타과당, 찰옥수수전분, 가공버터, 기타 농산가공품, D-소비톨액, 전란액, 찹쌀, 식물성크림, 당류가공품, 기타 농산가공품, 찰옥수수알파전분, 정제소금, 탄산수소암모늄, 혼합제제, 탄산수소나트륨, 혼합제제, 혼합제제, 레시틴, 카라멜색소 Ⅲ, 계피가루, 혼합제제, 정제수, 주정",,258,1,10520,
착한 콘칩,미찌푸드주식회사,P101-104000100-0846,2.01E+13,100g,508,6.15,23.08,69.23,1.54,,,,,,431,,,,,,,,0,9.23,0,,,,,,,,,,,,,,30g,65g,"복합조미식품, 팜올레인유, 과자류",,65,16,1086,
찍먹 오!감자 버터갈릭감자튀김맛,(주)오리온제4청주공장,P101-106000100-7017,1.99E+13,100g,538,4.69,31.25,59.38,9.38,,,,,,719,,,,,,,,0,7.81,0,,,,,,,,,,,,,,30g,64g,"복합조미식품, 식염, 설탕, 복합조미식품, 기타가공품, 감자전분, 식물성유지, 감자플레이크, 효소, 강황추출액, 향미증진제",,115,6,1565,
쫀득감자떡쿠키,(주)청우식품,P101-103000100-2190,1.99E+13,100g,405,4,12,70,26,,,,,,320,,,,,,,,10,8,0,,,,,,,,,,,,,,30g,860g,"기타과당, 찰옥수수전분, 폴리글리시톨시럽, 쇼트닝, 설탕, 물엿, 밀가루, 서류가공품, D-소비톨액, 가공치즈, 혼합제제, 향료, 탄산수소나트륨, 혼합제제, 탄산수소암모늄, 정제소금, 당류가공품, 찹쌀, 레시틴, 전란액, 복합조미식품, 혼합제제, 정제수, 주정",,215,4,3750,
짱스낵,(주)코스모스제과,P101-106000100-1648,1.99E+13,100g,527,4.67,25.67,70,30,,,,,,350,,,,,,,,0,10,0,,,,,,,,,,,,,,30g,140g,"혼합제제, 탄산수소암모늄, 검정깨(흑임자), 정제소금, 식물성크림, 코코넛추출물, 물엿, 당류가공품, 팜올레인유, 밀가루, 혼합제제, 탄산수소나트륨, 육두구분말, 난각칼슘, 계피가루",,130,5,1820,
제트콘 김와사비맛,(주)광일식품,P101-104000100-1965,1.99E+13,100g,439,7.67,13.32,72.01,1.48,,,,,,688,,,,,,,,0,8.41,0,,,,,,,,,,,,,,30g,90g,"정제수, 곡류가공품, 팜올레인유, 복합조미식품, 정제소금, 밀가루",,90,10,1474,
제트콘,(주)광일식품,P101-106000100-1603,1.99E+13,100g,471,4.7,17,75,17.4,,,,,,560,,,,,,,,0,7,0,,,,,,,,,,,,,,30g,200g,"마늘오일, 고춧가루, 밀가루, 복합조미식품, 양파, 마늘, 정제소금, 물엿, 설탕, 팜올레인유, 곡류가공품, 정제수, 천연향신료",,90,10,1285,
제크 마일드로스티드갈릭,롯데웰푸드(주),P101-106000100-4475,2.00E+13,100g,510,6,24,68,10,,,,,,1000,,,,,,,,0,12,0,,,,,,,,,,,,,,30g,100g,"혼합식용유, 밀가루, 카카오색소, 파슬리분말, 쇼트닝, 설탕, 마늘페이스트, 산도조절제, 산도조절제, 산도조절제, 복합조미식품, 천일염, 정제소금, 향료, 향료제제, 향료제제, 레시틴, 정제수, 효소제제혼합제제, 효소제제혼합제제, 팜추출물",,300,2,4950,
제주오메기떡파이,(주)청우식품,P101-106000100-1596,1.99E+13,100g,425,5,15,67,27,,,,,,220,,,,,,,,17,10,0,,,,,,,,,,,,,,30g,200g,"정제수, 주정, 밀가루, 물엿, 설탕, 마가린, 기타과당, 찰옥수수전분, 가공버터, D-소비톨액, 전란액, 찹쌀, 기타가공품, 곡류가공품, 당류가공품, 식물성크림, 전분가공품, 정제소금, 탄산수소암모늄, 혼합제제, 혼합제제, 레시틴, 혼합제제, 혼합제제, 탄산수소나트륨",,,1,6000,
서주 제주바나나농장 바나나 웨하스,서주제과(주),P101-105000100-0249,1.99E+13,100g,508,3.18,25.4,66.67,28.57,,,,,,95,,,,,,,,0,25.4,0,,,,,,,,,,,,,,30g,252g,"산도조절제, 전란액, 밀가루, 기타가공품, 산도조절제, 정제소금, 미강유(현미유), 레시틴",,,1,10000,
제주감귤타르트,(주)청우식품,P101-106000100-1588,2.01E+13,100g,417,4,13,71,32,,,,,,172,,,,,,,,14,6,0,,,,,,,,,,,,,,30g,240g,"정제수, 물엿, 비타민B2, 혼합제제, 코치닐추출색소, 바닐린, 치자황색소, 밀가루, 기타설탕, 설탕, 물엿, 쇼트닝, 전란액, 과.채가공품, 곡류가공품, 마가린, 가당연유, 과.채가공품, 기타과당, 복합조미식품, 덱스트린, 정제소금, 탄산수소암모늄, 아미드펙틴, 레시틴, 탄산수소나트륨, 구연산, 천연향료",,,1,8900,
저당 초코 사브레,(주)삼아인터내셔날,P101-103000100-2560,1.99E+13,100g,400,5.76,19.7,71.54,4,,,,,,140,,,,,,,,9.88,10.18,0.07,,,,,,,,,,,,,,30g,80g,"준초콜릿, 코코아분말, 전란액, 쇼트닝, 식품첨가물, 밀가루, 탄산수소암모늄, 혼합제제, 향료, 식품첨가물, 정제소금, 탄산수소나트륨, 레시틴",,150,2,3810,
저당 땅콩 사브레,(주)삼아인터내셔날,P101-103000100-4518,1.99E+13,100g,424,6.29,16.09,74.39,2,,,,,,143,,,,,,,,20.94,10.14,0,,,,,,,,,,,,,,30g,150g,"향료, 식품첨가물, 유함유가공품, 향료, 정제소금, 탄산수소나트륨, 레시틴, 땅콩 또는 견과류가공품, 가공버터, 전란액, 땅콩버터, 쇼트닝, D-말티톨, 밀가루, 과.채가공품, 탄산수소암모늄",,150,3,3540,
작은별흑임자라떼맛,(주)델토리,P101-106000100-4472,2.01E+13,100g,511,6.69,24.62,65.76,30.76,,,,,,195,,,,,,,,2.18,21.26,0.08,,,,,,,,,,,,,,30g,85g,"정제수, 정제소금, 설탕, 혼합제제, 탄산칼슘, 곡류가공품, 밀가루, 전분, 복합조미식품, 곡류가공품, 곡류가공품, 식물성크림",,85,2,4210,
자유시간 마블누가 딸기맛 Mini,해태제과식품(주)천안2공장,P101-106000100-3994,1.99E+13,100g,424,4,12,75,55,,,,,,200,,,,,,,,5,9,0,,,,,,,,,,,,,,30g,408g,"코코아매스, 당류가공품, 향료, 과.채가공품, 백설탕, 물엿, 과자, 식물성크림, 유당, 가공유지, 혼합분유, 기타코코아가공품, 가공유크림, 식물성유지, 찰옥수수알파전분, 난백, 코코아분말, 과.채가공품, 정제소금, 구연산(결정), 레시틴, 바닐린, 향료, 정제수",,405,1,9250,
자색고구마와플,(주)삼아인터내셔날,P101-106000100-4470,1.99E+13,100g,491,5.08,21.47,69.38,27.73,,,,,,243,,,,,,,,83.21,13.81,0.28,,,,,,,,,,,,,,30g,360g,"설탕, 버터, 곡류가공품, 정제소금, 골든시럽, 서류가공품, 전란액, 향료",,360,21,595,
자색 군고구마스틱,(주)청우식품,P101-106000100-4232,2.01E+13,100g,438,8,10,79,21,,,,,,370,,,,,,,,0,3.6,0,,,,,,,,,,,,,,30g,200g,"혼합제제, 탄산수소나트륨, 기타가공품, 밀가루, 설탕, 자색고구마페이스트, 팜유, 쇼트닝, 탄산수소암모늄, 정제소금, 향신료올레오레진류, 식품첨가물, 향료, 기타가공품, 사양벌꿀",,80,6,2500,
자갈치문어맛,(주)농심,P101-106000100-1563,1.97E+12,100g,522,5.56,26.67,64.44,6.67,,,,,,489,,,,,,,,0,8.89,0.56,,,,,,,,,,,,,,30g,90g,"밀가루, 소고기매운맛분말, 문어향150, 팜유, 정제미강유, 전분가공품, 알파미분, 정제수, 구수한맛조미분말, 군어육조미분말, 전분, 조기연육",,90,1,3900,
자가비 핫트러플맛,해태가루비(주),P101-104000100-1169,2.00E+13,100g,617,6.67,43.33,50,3.33,,,,,,383,,,,,,,,6.67,15.33,0,,,,,,,,,,,,,,30g,90g,"냉동감자, 혼합식용유, 복합조미식품, d-토코페롤(혼합형)",,90,2,5950,
자가비 짭짤한 맛,해태가루비(주),P101-104000100-0981,2.00E+12,100g,617,6.67,43.33,50,1.67,,,,,,200,,,,,,,,6.67,15.33,0,,,,,,,,,,,,,,30g,90g,"냉동감자, 혼합식용유, 복합조미식품, d-토코페롤(혼합형)",,90,1,2050,
자가비 오사쯔맛,해태가루비(주),P101-104000100-1962,2.00E+13,100g,567,6.67,36.67,53.33,3.33,,,,,,150,,,,,,,,6.67,12.67,0,,,,,,,,,,,,,,30g,45g,"d-토코페롤(혼합형), 복합조미식품, 혼합식용유, 냉동감자",,45,9,1990,
자가비 사워크림맛,해태가루비(주),P101-104000100-0979,2.00E+13,100g,617,6.67,43.33,50,3.33,,,,,,183,,,,,,,,0,15.33,0,,,,,,,,,,,,,,30g,45g,"냉동감자, 혼합식용유, 복합조미식품, d-토코페롤(혼합형)",,45,10,1838,
자가비 사라다맛,해태가루비(주),P101-106000100-6809,2.00E+13,100g,583,6.67,40,50,3.33,,,,,,250,,,,,,,,6.67,14,0.67,,,,,,,,,,,,,,30g,90g,"냉동감자, 혼합식용유, 복합조미식품, d-토코페롤(혼합형)",,57,12,1934,
자가비 바질크림치즈맛,해태가루비(주),P101-106000100-6367,2.00E+13,100g,600,6.67,43.33,46.67,3.33,,,,,,250,,,,,,,,6.67,15,0,,,,,,,,,,,,,,30g,45g,"d-토코페롤(혼합형), 복합조미식품, 혼합식용유, 냉동감자",,45,12,2588,
자가비 밀크쉐이크맛,해태가루비(주),P101-104000100-1168,2.00E+13,100g,617,6.67,43.33,50,6.67,,,,,,67,,,,,,,,0,15.33,0,,,,,,,,,,,,,,30g,45g,"d-토코페롤(혼합형), 복합조미식품, 혼합식용유, 냉동감자",,45,24,1667,
자가비 로제떡볶이맛,해태가루비(주),P101-104000100-0978,2.00E+13,100g,600,6.67,43.33,46.67,3.33,,,,,,317,,,,,,,,6.67,15.33,0,,,,,,,,,,,,,,30g,90g,"혼합식용유, 냉동감자, 복합조미식품, d-토코페롤(혼합형)",,90,3,5567,
자가비 들기름김맛,해태가루비(주),P101-106000100-7103,2.00E+13,100g,583,6.67,40,50,3.33,,,,,,383,,,,,,,,6.67,13.67,0,,,,,,,,,,,,,,30g,90g,"d-토코페롤(혼합형), 복합조미식품, 혼합식용유, 냉동감자",,90,4,3680,
이지프로틴 에너지단백질바,롯데웰푸드(주),P101-106000100-1706,1.98E+13,100g,474,22.93,26.38,38.38,11.6,,,,,,260,,,,,,,,0.8,6.57,0.02,,,,,,,,,,,,,,30g,40g,"쇼트닝, 말토덱스트린혼합제제, 혼합분유, 가공유지, 설탕, 말티톨시럽, 올리고당, 과자, 땅콩 또는 견과류가공품, 바닐린, 잔탄검, 유당, 효소처리스테비아, 땅콩향, 레시틴, 비타민B2, 아라비아검, 정제소금, 코코아분말, 코코아매스, 글리세린, 타우린",,40,24,998,
이지프로틴 식물성단백질바 미니,롯데웰푸드(주),P101-106000100-2861,1.98E+13,100g,364,21.82,11.82,50.91,12.73,,,,,,227,,,,,,,,0,1.82,0,,,,,,,,,,,,,,30g,176g,"잔탄검, 향료, 향료, 레시틴, 과.채가공품류, 아라비아검, 치커리식이섬유, 글리세린, D-소비톨액, 해바라기유, 난소화성말토덱스트린(고시형), 분리대두단백, 덱스트린, 알룰로오스, 프락토올리고당, 땅콩 또는 견과류가공품, 곡류가공품",,160,1,6360,
이지프로틴 식물성단백질바,롯데웰푸드(주),P101-106000100-2860,1.98E+13,100g,367,22.22,11.11,50,12.96,11.1,,,,,204,,,,,,,,0,1.85,0,,,,,,,,,,,,,,30g,27g,"곡류가공품, 땅콩 또는 견과류가공품, 프락토올리고당, 알룰로오스, 덱스트린, 분리대두단백, 난소화성말토덱스트린(고시형), 해바라기유, D-소비톨액, 글리세린, 아라비아검, 치커리식이섬유, 과.채가공품류, 레시틴, 향료, 향료, 잔탄검",,27,12,3442,
이지프로틴 고단백질바 크리스피,(주)삼아인터내셔날,P101-106000100-3669,1.99E+13,100g,365,40.2,14.16,33.74,10.4,3.1,,,,,495,,,,,,,,1.3,5.97,0.03,,,,,,,,,,,,,,30g,50g,"덱스트린, 쇼트닝, 콜라겐, 난소화성말토덱스트린(고시형), 아몬드, 곡류가공품, 볶음땅콩, 준초콜릿, 알룰로오스, 두류가공품, 설탕, 땅콩분말, 두류가공품, 유청단백분말, 효소처리스테비아, 카라멜향, 땅콩향, 잔탄검, 레시틴, 기타가공품, 정제소금, 아라비아검, 글리세린",,50,6,1750,
우리아이 처음먹는 새우얌얌,(주)에스디씨,P101-106000100-1419,2.01E+13,100g,468,5,16.25,75,5,,,,,,450,,,,,,,,7.5,0,0,,,,,,,,,,,,,,30g,40g,"정제소금, 설탕, 고올레산해바라기유, 과자",,40,4,2918,
우리아이 처음먹는 감자얌얌,(주)에스디씨,P101-106000100-1418,2.01E+13,100g,489,5.71,20,71.43,5.71,,,,,,571,,,,,,,,0,0,0,,,,,,,,,,,,,,30g,35g,"정제소금, 설탕, 고올레산해바라기유, 과자",,35,4,2475,
우리쌀 대롱스낵,(주)광일식품,P101-106000100-1408,1.99E+13,100g,472,6,16,76,19,,,,,,196,,,,,,,,0,7,0,,,,,,,,,,,,,,30g,280g,"분당, 밀가루, 팜올레인유, 옥수수전분, 볶은쌀가루, 백설탕, 물엿, 식물성크림, 젤라틴, 정제염, 베이킹파우더, 탄산수소암모늄, 탄산수소나트륨, 정제포도당, 천연향신료, α-아밀라아제, 정제수",,200,1,3100,
삼아 우리밀 초코웨하스,(주)삼아인터내셔날,P101-105000100-0144,1.99E+13,100g,513,7.5,25,66.25,30,,,,,,138,,,,,,,,0,15,0,,,,,,,,,,,,,,30g,80g,"당밀시럽, 정제소금, 탄산수소나트륨, 탄산수소암모늄, 유청분말, 유당, 전란액, 전지분유, 코코아분말, 말토덱스트린, 코코아매스, 밀가루, 식물성유지, 설탕, 포도당",,80,10,2444,
우리밀 참깨봉,(주)삼아인터내셔날,P101-106000100-1401,1.99E+13,100g,489,7.78,19.56,71.11,15.56,,,,,,356,,,,,,,,0,10.44,0,,,,,,,,,,,,,,30g,90g,"프로테아제(세균성), 체다치즈분말, 밀가루, 백설탕, 팜유, 혼합식용유, 포도당, 탄산수소암모늄, 유청분말, 검정깨볶음, 볶은참깨, 정제소금, 곡류가공품, 탄산수소나트륨",,80,1,1880,
삼아 우리밀보드레웨하스,(주)삼아인터내셔날,P101-105000100-0142,1.99E+13,100g,519,7.5,26.25,63.75,25,,,,,,163,,,,,,,,0,17.5,0,,,,,,,,,,,,,,30g,80g,"포도당, 백설탕, 식물성유지, 당밀시럽, 정제소금, 탄산수소나트륨, 전란액, 우리밀백밀, 바닐라향, 탄산수소암모늄, 탈지분유, 유청분말",,80,5,1558,
우리밀로만든 와플,(주)삼아인터내셔날,P101-106000100-1388,1.99E+13,100g,500,9.52,22.38,66.67,19.05,,,,,,214,,,,,,,,14.29,12.38,0,,,,,,,,,,,,,,30g,420g,"밀가루, 식용유지류, 백설탕, 전란액, 식염",,84,2,4100,
우리밀곡물와플,(주)삼아인터내셔날,P101-106000100-1381,1.99E+13,100g,519,6.25,26.25,62.5,18.75,,,,,,238,,,,,,,,75,16.25,1,,,,,,,,,,,,,,30g,80g,"밀가루, 버터, 설탕, 전란액, 곡류가공품, 곡류가공품, 쌀조청, 우유, 태움용융소금, 두류가공품",,80,3,5233,
우리밀이 함유된 고구마형과자,(주)코스모스제과,P101-106000100-1380,1.99E+13,100g,470,8.5,18.5,67.5,26,,,,,,325,,,,,,,,0,8.5,0,,,,,,,,,,,,,,30g,200g,"팜올레인유, 밀가루, 효모, 혼합제제, 코코아분말, 산도조절제, 참깨, 과.채가공품, 코코넛크림, 정제소금, 땅콩버터, 우유, 혼합제제, 물엿, 밀가루, 당류가공품",,200,1,3790,
삼아 우리밀 함유 브랜웨하스 딸기맛,(주)삼아인터내셔날,P101-105000100-0446,1.99E+13,100g,494,5.9,22.31,67.31,30.03,,,,,,151,,,,,,,,2.26,9.89,0.01,,,,,,,,,,,,,,30g,360g,"밀가루, 설탕, 쇼트닝, 포도당, 향료, 향료, 코치닐추출색소, 산성피로인산나트륨, 향료, 구연산, 탄산수소나트륨, 정제소금, 레시틴, 과.채가공품, 해바라기유, 유청단백분말, 기타가공품, 유당, 유청, 곡류가공품",,360,1,12100,
우리밀함유 고칼슘 버터와플,(주)삼아인터내셔날,P101-106000100-4456,1.99E+13,100g,468,7.7,17.26,70.39,33.5,,,,,,300,,,,,,,,26.5,11.2,0.13,,,,,,,,,,,,,,30g,320g,"밀가루, 설탕, 버터, 쇼트닝, 전란액, 곡류가공품, 기타가공품, 당류가공품, 정제소금",,16,40,526,
우리밀 딸기계란과자,(주)대산후드,P101-106000100-6365,1.99E+13,100g,500,6.67,23.33,66.67,30,,,,,,217,,,,,,,,50,10.33,0,,,,,,,,,,,,,,30g,30g,"전란액, 밀가루, 설탕, 버터, 동결건조딸기분말, 천일염",,50,5,2976,
요아정 요거렛타,(주)델토리,P101-106000100-3646,2.01E+13,100g,532,3.33,27.57,67.75,0.4,,,,,,58,,,,,,,,0,27.3,0.03,,,,,,,,,,,,,,30g,70g,"식물성크림, 곡류가공품, 곡류가공품, 밀가루, 곡류가공품, 탄산칼슘, 정제소금, 설탕, 정제수",,76,16,2286,
요미요미 미니팝 트리플 치즈,(주)에스디씨,P101-106000100-1375,2.01E+13,100g,528,4,32,56,8,,,,,,220,,,,,,,,0,3.6,0,,,,,,,,,,,,,,30g,25g,"옥수수가루, 고올레산해바라기유, 설탕, 가공치즈, 기타가공품, 가공치즈, DHA오일(고시형), 경성가공치즈, 천일염",,25,3,2150,
요미요미 미니팝 딸기 요거트,(주)에스디씨,P101-106000100-1374,2.01E+13,100g,544,4,32,60,10,,,,,,120,,,,,,,,0,2.8,0,,,,,,,,,,,,,,30g,25g,"기타가공품, 동결건조딸기분말, 기타가공품, 옥수수가루, 고올레산해바라기유, DHA오일(고시형), 천일염",,25,3,2150,
요미요미 미니팝 구운 옥수수,(주)에스디씨,P101-106000100-1373,2.01E+13,100g,544,4,32,60,8,,,,,,132,,,,,,,,0,2.8,0,,,,,,,,,,,,,,30g,25g,"천일염, DHA오일(고시형), 기타가공품, 곡류가공품, 옥수수가루, 고올레산해바라기유, 설탕, 곡류가공품",,25,3,2150,
왕새우칩,미찌푸드(주),P101-106000100-1367,2.01E+12,100g,507,3.7,25.93,70.37,11.11,,,,,,815,,,,,,,,0,11.11,0,,,,,,,,,,,,,,30g,27g,"서류가공품, 복합조미식품, 팜올레인유",,25,3,1933,
왕고구마형스낵,(주)광일식품,P101-106000100-1362,1.99E+12,100g,474,10,16,68,14,,,,,,202,,,,,,,,0,7.4,0,,,,,,,,,,,,,,30g,120g,"밀가루, 팜올레인유, 설탕, 물엿, 정제염, 정제포도당, 조미식품, 효모, 참깨, 베이킹파우더, 카라멜색소, 맛소금, 비타스위트-1200, 식물성크림, 풀루란",,135,20,974,
와사비마요팝콘,(주)바프,P101-101000100-0368,2.00E+13,100g,500,5.48,26.75,59.26,24.81,,,,,,795,,,,,,,,4.37,8.69,0.13,,,,,,,,,,,,,,20g,100g,"레시틴, 복합조미식품, 설탕, 혼합식용유, 옥수수",,80,3,1803,
옹골진오곡쿠키,(주)크라운제과,P101-103000400-1140,2.01E+12,100g,523,9,27,61,16,,,,,,390,,,,,,,,20,13,0,,,,,,,,,,,,,,30g,288g,"설탕, 땅콩분태, 전란액, 기타 농산가공품, 혼합식용유, 전립분, 골든시럽, 정제소금, 물엿, 곡류가공품, 탄산수소나트륨, 탄산수소암모늄, 밀가루, 쇼트닝",,288,2,2950,
서주 옳곡 피스타치오 웨하스,서주제과(주),P101-105000100-0237,1.99E+13,100g,495,6.35,22.7,66.67,31.75,,,,,,148,,,,,,,,3.81,20,0,,,,,,,,,,,,,,30g,63g,"코코아분말, 밀가루, 기타가공품, 전란액, 정제소금, 산도조절제, 과.채가공품, 미강유(현미유), 산도조절제, 레시틴",,63,3,2640,
삼아 미니 웨하스 파인애플,(주)삼아인터내셔날,P101-105000100-0136,1.99E+13,100g,536,5,28,66,39,,,,,,153,,,,,,,,3.4,16,0,,,,,,,,,,,,,,30g,190g,"유당, 파인애플분말, 유청분말, 포도당, 설탕, 쇼트닝, 밀글루텐, 당류가공품, 바닐라향분말, 정제소금, 탄산수소나트륨, 탄산수소암모늄, 전란액, 중력분, 파인애플향, 비타민C(고시형), 구연산, 유청단백분말, 치자황색소, 레몬향",,190,2,2600,
옥수수팝,미성식품,P101-101000100-0601,2.00E+11,100g,415,9,4.2,85,14,,,,,,75,,,,,,,,0,0.6,0,,,,,,,,,,,,,,20g,5000g,"합성착향료, 탄산수소나트륨, 마가린, 설탕, 옥수수",,140,10,1850,
오 프라이스 콘칩,(주)코스모스제과,P101-106000100-1335,1.99E+13,100g,547,6.47,31.18,59.41,3.53,,,,,,365,,,,,,,,0,1.76,0,,,,,,,,,,,,,,30g,170g,"복합조미식품, 결정셀룰로스, 정제소금, 쌀그릿츠, 옥수수가루, 팜올레인유, 혼합제제",,100,3,1790,
오프라이스 콘칩 군옥수수맛,미찌푸드주식회사,P101-104000100-0970,2.01E+13,100g,523,6,27,64,2,,,,,,457,,,,,,,,0,11,0,,,,,,,,,,,,,,30g,100g,"복합조미식품, 팜올레인유, 과자류",,100,3,1790,
오프라이스 버터갈릭 새우칩,(주)코스모스제과,P101-106000100-1333,1.99E+13,100g,523,1.34,28.77,64.77,7.09,,,,,,855,,,,,,,,9.25,11.47,0.03,,,,,,,,,,,,,,30g,100g,"복합조미식품, 서류가공품, 팜올레인유",,80,2,3185,
오프라이스 나쵸칩 할라피뇨,미찌푸드주식회사,P101-104000100-0969,2.01E+13,100g,513,6,25,66,3,,,,,,666,,,,,,,,0,10,0,,,,,,,,,,,,,,30g,100g,"복합조미식품, 팜올레인유, 곡류가공품, 정제소금, 곡류가공품",,100,6,1990,
오징어게임 달고나 쿠키,(주)대산후드,P101-103000100-1797,1.99E+13,100g,516,5.01,26.17,65.06,29.92,,,,,,178,,,,,,,,12.03,11.91,0.22,,,,,,,,,,,,,,30g,170g,"정제수, 효모식품, 탄산수소나트륨, 정제소금, 향료, 가공버터, 식물성크림, 밀가루, 쇼트닝, 설탕, 당류가공품, 당류가공품, 전란액",,144,1,5030,
삼아 미니 오리온 웨하스 바닐라맛,(주)삼아인터내셔날,P101-105000100-0129,1.99E+12,100g,519,5.88,25,67.65,33.82,,,,,,140,,,,,,,,4.41,14.71,0,,,,,,,,,,,,,,30g,68g,"밀가루, 전란액, 탄산수소암모늄, 탄산수소나트륨, 정제염, 바닐린, 당밀시럽, 밀단백, 식물성유지, 백설탕, 포도당, 유청분말, 유당, 패각칼슘, 비타민 C, 크림향분말, 밀크향, 레몬향, 천연착향료(Vanilla), 바닐라빈추출물, 유청단백분말",,68,10,2000,
삼아 미니 오리온 웨하스 딸기맛,(주)삼아인터내셔날,P101-105000100-0128,1.99E+13,100g,499,5.88,22.06,69.12,30.88,,,,,,140,,,,,,,,4.41,13.24,0,,,,,,,,,,,,,,30g,68g,"유당, 유청분말, 설탕, 밀가루, 쇼트닝, 포도당, 전란액, 유청단백분말, 탄산수소암모늄, 딸기분말, 밀글루텐, 탄산수소나트륨, 정제소금, 당류가공품, 구연산, 향료, 코치닐추출색소, 향료, 바닐라향분말, 향료",,204,6,1917,
오늘좋은 팬케이크,(주)청우식품,P101-409000100-0047,1.99E+12,100g,357,4,5.4,73,48,,,,,,150,,,,,,,,65,2.7,0,,,,,,,,,,,,,,70g,350g,"혼합제제, 주정, 가공버터, 식물성크림, 기타엿, 팥, 마가린, D-소비톨액, 물엿, 밀가루, 전란액, 설탕, 정제소금, 한천, 탄산수소나트륨, 향료, 바닐린, 혼합제제, 정제수, 주정",,350,2,9075,
오늘좋은 종합과자,(주)청우식품,P101-106000100-4213,1.99E+12,100g,360,4,6,72,38,,,,,,111,,,,,,,,30,4.2,0,,,,,,,,,,,,,,30g,350g,"과자, 과자, 과자",,350,2,10250,
오늘좋은 먹태칩,(주)델토리,P101-104000100-0583,2.01E+13,100g,500,7.44,23.42,64.9,2.59,,,,,,502,,,,,,,,5.54,10.29,0.05,,,,,,,,,,,,,,30g,60g,"곡류가공품, 밀가루, 팜유, 복합조미식품, 기타 수산물가공품, 향료, 탄산칼슘, 설탕, 정제소금, 곡류가공품, 복합조미식품, 정제수",,50,1,2000,
옛날떡볶이맛팝콘,(주)바프,P101-101000100-0469,2.00E+13,100g,471,4.34,22.12,63.56,32.47,,,,,,591,,,,,,,,0,6.84,0.1,,,,,,,,,,,,,,20g,100g,"허브추출물, 레시틴, 쇼트닝, 옥수수기름(옥배유), 소스, 물엿, 복합조미식품, 혼합식용유, 설탕, 옥수수",,80,3,1650,
에이스 플랫화이트맛,해태제과식품(주),P101-106000100-4203,1.99E+13,100g,550,6,32,60,11,,,,,,430,,,,,,,,5,15,0,,,,,,,,,,,,,,30g,121g,"밀가루, 혼합식용유, 설탕, 쇼트닝, 곡류가공품, 탄산수소암모늄, 기타가공품, 기타가공품, 정제소금, 천일염, 가공연유, 분말유크림, 탄산수소나트륨, 기타가공품, 향료, 향료, 향료, 제일인산칼슘, 혼합제제, 프로테아제(세균성), 정제수",,364,5,11970,
에이스 바스크치즈케이크맛,해태제과식품(주),P101-103000100-0298,1.99E+13,100g,535,6,29,63,11,,,,,,500,,,,,,,,0,14,0,,,,,,,,,,,,,,30g,121g,"밀가루, 혼합식용유, 설탕, 쇼트닝, 곡류가공품, 탄산수소암모늄, 기타코코아가공품, 치즈, 당류가공품, 정제소금, 천일염, 향료, 향료, 탄산수소나트륨, 분말유크림, 치자황색소, 향료, 혼합제제, 제일인산칼슘, 프로테아제(세균성), 수크랄로스, 비타민B2, 정제수",,364,2,3510,
어썸 솔트페퍼,(주)크라운제과 아산공장,P101-106000100-6352,1.99E+13,100g,456,4,16,74,2,,,,,,740,,,,,,,,0,5.6,0,,,,,,,,,,,,,,30g,50g,"건조감자분말, 전분, 기타전분, 식물성유지, 정제수, 혼합제제, 효소처리스테비아, 가공소금, DL-메티오닌, 유화제, 결정셀룰로스, 산도조절제, 곡류가공품, 복합조미식품, 식물성유지",,50,5,3036,
어니언치즈맛팝콘,(주)바프,P101-101000100-0462,2.00E+13,100g,502,4.87,27.14,59.63,25.88,,,,,,403,,,,,,,,1.69,9.05,0.14,,,,,,,,,,,,,,20g,100g,"레시틴, 복합조미식품, 설탕, 혼합식용유, 옥수수",,80,12,1142,
아이얌 한입쏙 치즈볼,(주)청우식품,P101-106000100-4440,2.01E+13,100g,397,1.67,3.33,90,26.67,,,,,,33,,,,,,,,56.67,0.67,0,,,,,,,,,,,,,,30g,60g,"혼합제제, 인산철, 탄산수소암모늄, 곡류가공품, 유함유가공품, 탈지분유, 가공치즈, 곡류가공품, 물엿, 기타과당, 밀가루, 난황액, 설탕, 전분가공품",,60,3,2700,
아이얌 한입쏙 바나나볼,(주)청우식품,P101-106000100-4439,2.01E+13,100g,397,1.67,3.33,90,26.67,,,,,,17,,,,,,,,56.67,0.67,0,,,,,,,,,,,,,,30g,60g,"혼합제제, 인산철, 탄산수소암모늄, 곡류가공품, 유함유가공품, 탈지분유, 곡류가공품, 과.채가공품, 물엿, 기타과당, 밀가루, 난황액, 설탕, 전분가공품",,60,3,2700,
아이얌 한입쏙 단호박볼,(주)청우식품,P101-106000100-4438,2.01E+13,100g,397,1.67,3.33,90,26.67,,,,,,17,,,,,,,,56.67,0.67,0,,,,,,,,,,,,,,30g,60g,"인산철, 탄산수소암모늄, 곡류가공품, 유함유가공품, 탈지분유, 곡류가공품, 과.채가공품, 물엿, 기타과당, 밀가루, 난황액, 설탕, 전분가공품, 혼합제제",,60,3,2700,
아이얌 한입쏙 계란볼,(주)청우식품,P101-106000100-4437,2.01E+13,100g,410,1.67,3.33,93.33,26.67,,,,,,17,,,,,,,,56.67,0.67,0,,,,,,,,,,,,,,30g,60g,"밀가루, 난황액, 설탕, 전분가공품, 탈지분유, 곡류가공품, 물엿, 기타과당, 혼합제제, 인산철, 탄산수소암모늄, 곡류가공품, 유함유가공품",,60,3,2700,
삼아 아이얌 칼슘웨하스 딸기,(주)삼아인터내셔날,P101-105000100-0120,1.99E+13,100g,528,5.56,27.78,63.89,27.78,,,,,,167,,,,,,,,9.72,13.33,0,,,,,,,,,,,,,,30g,36g,"탄산수소나트륨, 정제소금, 산화아연, 엽산, 밀크칼슘, 본펩, 딸기분말, 전지분유, 백설탕, 포도당, 유당, 소맥분, 난황액, 팜유, 볶음퀴노아분말, 피로인산제이철 혼합제제분말, 비타민 D3, 맥아추출물",,36,3,2250,
삼아 아이얌 초유웨하스 우유,(주)삼아인터내셔날,P101-105000100-0119,1.99E+13,100g,528,6.94,27.78,63.89,27.78,,,,,,167,,,,,,,,10,13.33,0,,,,,,,,,,,,,,30g,36g,"팜유, 소맥분, 비피더스유산균, 초유농축유청단백분말, 유당, 포도당, 백설탕, 엽산, 산화아연, 정제소금, 탄산수소나트륨, 난황액, 볶음퀴노아분말, 맥아추출물, 탈지분유, 피로인산제이철 혼합제제분말",,36,3,6323,
아이얌 물고기친구들 비스킷,(주)청우식품,P101-103000400-0962,2.01E+13,100g,450,10,10,80,20,,,,,,333,,,,,,,,8,2.33,0,,,,,,,,,,,,,,30g,60g,"밀가루, 설탕, 마가린, 혼합분유, 우유, 팜유, 옥수수전분, 가당연유, 곡류가공품, 유함유가공품, 버터향, 탄산수소암모늄, 정제소금, 탄산수소나트륨, 해조칼슘, 밀크향, 효소, 비타민B1염산염, 비타민B2",,50,14,2250,
아이얌 공룡 친구들 비스킷 치즈,(주)청우식품,P101-103000400-0961,2.01E+13,100g,433,10,13.33,70,16.67,,,,,,517,,,,,,,,33.33,7.67,0,,,,,,,,,,,,,,30g,60g,"가당연유, 기타가공품, 정제소금, 탄산수소나트륨, 합성향료, 합성향료, 효소, 비타민 B1염산염, 비타민 B2, 밀가루, 설탕, 버터, 혼합분유, 곡류가공품, 체다치즈분말, 탄산수소암모늄",,50,14,2250,
씬마늘바게트스낵,(주)광일식품,P101-104000100-1139,1.99E+13,100g,471,10.11,16.62,70.16,11.81,,,,,,438,,,,,,,,2.96,15.3,0,,,,,,,,,,,,,,30g,100g,"정제수, 식품첨가물혼합제제, 건파슬리, 정제소금, 효모, 식물성크림, 기타가공품, 마늘, 마가린, 마가린, 설탕, 밀가루",,100,6,2482,
씨솔트버터 소프트콘,(주)에스디씨,P101-106000100-4434,2.01E+13,100g,685,3.5,56,41,7,,,,,,1300,,,,,,,,4.6,20,0.2,,,,,,,,,,,,,,30g,120g,"옥수수가루, 비타민E, 탄산칼슘, 정제소금, 복합조미식품, 식물성유지",,120,1,5600,
쌀로만든 쌀로별 고소한맛,롯데웰푸드(주),P101-104000100-0962,1.99E+13,100g,564,4.49,32.05,64.11,8.98,,,,,,577,,,,,,,,0,11.54,0,,,,,,,,,,,,,,30g,78g,"양파분말, 고추장, 전분, 정제소금, 대두단백, 소스류, 양조간장, 혼합간장, 물엿, 설탕, 변성전분, 혼합식용유, 쌀",,78,16,1039,
롯데 쌀 카스타드 우유크림맛,롯데웰푸드주식회사,P101-106000100-4430,1.98E+13,100g,435,4.35,21.74,56.52,30.44,,,,,,152,,,,,,,,152.17,8.26,0,,,,,,,,,,,,,,30g,414g,"글리세린, 정제수, 식물성크림, 물엿, 기타가공품, 쇼트닝, 쇼트닝, D-소비톨액, 밀가루, 설탕, 전란액, 미강유(현미유), 마가린, 기타가공품, 곡류가공품, 기타식용유지, 주정, 혼합분유, 기타가공품, 기타엿, 포도당, 기타과당, 우유, 가공유크림, 혼합제제, 향료, 정제소금, 가공치즈, 향료, 향료, 향료",,23,20,1472,
식자재왕 짱이야과자,(주)코스모스제과,P101-106000100-1109,1.99E+13,100g,525,5,28,63,14,,,,,,230,,,,,,,,0,9,0,,,,,,,,,,,,,,30g,1100g,"식물성크림, 땅콩버터, 물엿, 밀가루, 당류가공품, 코코넛크림혼합분말, 정제소금, 참깨, 탄산수소암모늄, 난각칼슘, 육두구분말, 혼합제제, 탄산수소나트륨, 혼합제제, 계피가루, 팜올레인유",,1100,1,12830,
식자재왕 소라형과자,(주)코스모스제과,P101-106000100-1108,1.99E+13,100g,460,8,16,71,20,,,,,,320,,,,,,,,0,7,0,,,,,,,,,,,,,,30g,1050g,"효소, 우유, 과채가공품, 팜올레인유, 정제소금, 참깨, 코코넛크림혼합분말, 땅콩버터, 물엿, 당류가공품, 밀가루",,1050,1,10000,
식자재왕 고구마형과자,(주)코스모스제과,P101-106000100-1107,1.99E+13,100g,505,10,23,64,19,,,,,,360,,,,,,,,0,10,0,,,,,,,,,,,,,,30g,1050g,"정제소금, 땅콩버터, 물엿, 당류가공품, 코코넛크림혼합분말, 참깨, 탄산수소암모늄, 혼합제제, 코코아분말, 효모, 팜올레인유, 과채가공품, 우유, 밀가루",,1050,1,10000,
스윙칩 스리라차소스맛,(주)오리온제4청주공장,P101-106000100-2320,1.99E+13,100g,600,6.67,40,53.33,3.33,,,,,,533,,,,,,,,0,11,1.67,,,,,,,,,,,,,,30g,60g,"복합조미식품, 식물성유지, 감자",,55,16,838,
스윗트위스트과자,(주)코스모스제과,P101-106000100-6912,1.99E+13,100g,520,6.54,26.26,64.33,13.65,,,,,,241,,,,,,,,0,12.18,0.04,,,,,,,,,,,,,,30g,100g,"복합조미식품, 땅콩버터, 물엿, 당류가공품, 팜올레인유, 밀가루, 혼합제제, 가공연유, 탄산수소암모늄, 정제소금, 과.채가공품, 식물성크림, 합성향료, 혼합제제, 탄산수소나트륨, 육두구분말",,80,10,580,
스위트콘 나쵸,미찌푸드주식회사,P101-106000100-3595,2.01E+13,100g,500,5,25,63.34,4.5,,,,,,383,,,,,,,,3.33,10,0,,,,,,,,,,,,,,30g,60g,"곡류가공품, 팜올레인유, 복합조미식품, 곡류가공품, 정제소금",,60,12,1052,
찍먹양념치킨스낵,(주)델토리,P101-104000100-0827,2.01E+13,100g,400,3.95,22.74,44.96,3.12,,,,,,596,,,,,,,,0,11.33,0.03,,,,,,,,,,,,,,30g,86g,"서류가공품, 복합조미식품, 전분, 팜유, 밀가루, 향료, 추출가공식품, 정제소금, 기타가공품, 설탕, 소스, 치자황색소, 파프리카추출색소",,105,1,800,
스마일쿠키,(주)대산후드,P101-103000100-1770,1.99E+13,100g,525,5,29,61,17,,,,,,252,,,,,,,,12,14,0,,,,,,,,,,,,,,30g,6000g,"정제수, 옥수수전분, 밀가루, 전란액, 레시틴, 바닐라향, 과당, 탄산수소암모늄, 정제소금, 설탕, 쇼트닝",,800,161,11400,
스낵24 초코콘,(주)코스모스제과,P101-104000100-0822,1.99E+13,100g,535,5.34,29.25,62.7,25.73,,,,,,106,,,,,,,,2.85,28.31,0,,,,,,,,,,,,,,30g,100g,"옥수수가루, 준초콜릿, 가공유지, 준초콜릿, 복합조미식품, 분당, 건조코코넛분말, 쌀그릿츠, 고올레산해바라기유, 복합조미식품, 탄산칼슘, 곡류가공품, 정제소금, 결정셀룰로스, 혼합제제",,22,30,497,
순후추 나쵸,미찌푸드주식회사,P101-106000100-4426,2.01E+13,100g,500,5,25,63.34,3.33,,,,,,583,,,,,,,,0,10,0,,,,,,,,,,,,,,30g,60g,"곡류가공품, 정제소금, 복합조미식품, 팜올레인유, 곡류가공품",,60,8,1916,
소프트콘 초코맛,(주)코스모스제과,P101-106000100-7087,1.99E+13,100g,503,5.28,23.47,67.67,21.88,,,,,,124,,,,,,,,2.97,17.18,0.03,,,,,,,,,,,,,,30g,100g,"옥수수가루, 준초콜릿, 준초콜릿, 가공유지, 복합조미식품, 분당, 해바라기유, 복합조미식품, 탄산칼슘, 정제소금, 혼합제제",,120,8,1872,
소금우유맛팝콘,(주)바프,P101-101000100-0453,2.00E+13,100g,505,4.7,27.17,60.5,26.34,,,,,,448,,,,,,,,2.37,9.15,0.15,,,,,,,,,,,,,,20g,100g,"옥수수, 혼합식용유, 설탕, 복합조미식품, 레시틴",,80,12,1142,
생생감자칩 메이플버터맛,해태가루비(주) 제 2공장,P101-104000100-2029,2.02E+13,100g,564,3.64,36.36,54.55,7.27,,,,,,327,,,,,,,,0,12.73,0,,,,,,,,,,,,,,30g,55g,"감자, 혼합식용유, 복합조미식품",,55,13,1351,
삼아 미니 샘스 밀크 웨하스,(주)삼아인터내셔날,P101-105000100-0439,1.99E+13,100g,526,4.44,28.63,62.73,20.9,,,,,,140,,,,,,,,2.09,27.35,0,,,,,,,,,,,,,,30g,450g,"바닐린, 산성피로인산나트륨, 탄산수소나트륨, 정제소금, 밀크향, 레시틴, 고올레산해바라기유, 전지분유, 밀가루, 야자유, 설탕, 유청, 식물성크림, 덱스트린, 포도당, 유당, 유함유가공품",,450,51,295,
상하목장 유기농쌀과자 블루베리,(주)에스디씨,P101-101000100-1051,2.01E+13,100g,383,6.67,1.67,83.33,5.33,,,,,,0,,,,,,,,0,0,0,,,,,,,,,,,,,,20g,30g,"과.채가공품, 과.채가공품, 곡류가공품",,30,6,3317,
상하목장 유기농쌀과자 딸기,(주)에스디씨,P101-101000100-1050,2.01E+13,100g,383,6.67,1.67,83.33,6.67,,,,,,0,,,,,,,,0,0,0,,,,,,,,,,,,,,20g,30g,"과.채가공품, 과.채가공품, 곡류가공품",,30,8,3438,
사워크림 블랙빈나쵸,미찌푸드주식회사,P101-106000100-4412,2.01E+13,100g,500,6.67,21.67,70,1.27,,,,,,383,,,,,,,,0,10,0,,,,,,,,,,,,,,30g,60g,"복합조미식품, 팜올레인유, 곡류가공품, 정제소금, 두류가공품, 곡류가공품",,60,10,1790,
사브레 플랫화이트맛,해태제과식품(주)광주공장,P101-106000100-3578,1.98E+13,100g,457,5.71,17.14,71.43,28.57,,,,,,214,,,,,,,,14.29,8.57,0,,,,,,,,,,,,,,30g,140g,"밀가루, 설탕, 쇼트닝, 전란액, 백설탕, 가공버터, 탄산수소암모늄, 기타가공품, 탄산수소나트륨, 혼합제제, 합성향료, 레시틴, 정제소금, 밀크향, 당류가공품, 커피",,140,4,2975,
사르르쿵 치즈요거트,(주)에스디씨,P101-106000100-0926,2.01E+13,100g,617,4.35,43.48,52.17,8.7,,,,,,130,,,,,,,,0,4.78,0,,,,,,,,,,,,,,30g,23g,"옥수수가루, 고올레산해바라기유, 설탕, 기타가공품, 가공치즈, 프로바이오틱스(고시형), 해조칼슘, 천일염",,23,9,4122,
사르르쿵바나나,(주)에스디씨,P101-106000100-0925,2.01E+12,100g,535,3.04,30.43,60.87,4.35,,,,,,100,,,,,,,,0,13.91,0,,,,,,,,,,,,,,30g,23g,"옥수수가루, 고올레산해바라기유, 갈색설탕, 바나나분말, 프로바이오틱스(고시형), 천일염, 해조칼슘",,23,3,2250,
사르르쿵딸기,(주)에스디씨,P101-106000100-0924,2.01E+12,100g,535,3.04,30.43,60.87,4.35,,,,,,100,,,,,,,,0,13.91,0,,,,,,,,,,,,,,30g,23g,"옥수수가루, 고올레산해바라기유, 갈색설탕, 프로바이오틱스(고시형), 천일염, 해조칼슘, 동결건조딸기분말",,23,3,2250,
뽀또레몬,㈜크라운제과,P101-103000400-0756,2.01E+13,100g,508,6,24,67,22,,,,,,410,,,,,,,,3.5,15,0,,,,,,,,,,,,,,30g,322g,"쇼트닝, 설탕, 쇼트닝, 밀가루, 레몬향, 기타가공품, 과.채가공품, 기타설탕, 포도당, 덱스트린, 혼합식용유, 산도조절제, 정제소금, 산도조절제, 버터향, 산도조절제, 산도조절제, 산도조절제, 곡류가공품, 식품첨가물, 치자황색소, 천일염, 유함유가공품, 유청, 변성전분, 가공연유, 기타과당",,322,2,3240,
뻥뻥빠삭스낵,주식회사위너스,P101-104000100-0716,2.01E+12,100g,469,5.12,17.36,73.06,45.36,,,,,,632,,,,,,,,0,6.4,0.07,,,,,,,,,,,,,,30g,100g,"레시틴, 복합조미식품, 복합조미식품, 팜올레인유, 땅콩분태, 소스, 설탕, 과자",,60,8,1449,
빼빼빠삭스낵,주식회사위너스,P101-104000100-0715,2.01E+12,100g,403,7.41,6.52,78.66,21.77,,,,,,790,,,,,,,,0,2.54,0.03,,,,,,,,,,,,,,30g,100g,"복합조미식품, 양조간장, 팜올레인유, 설탕, 곡류가공품",,60,2,2260,
빵빠레 소프트스낵 초코우유맛,(주)에스디씨2공장,P101-104000100-1122,2.02E+12,100g,615,3.7,45,49,9,,,,,,350,,,,,,,,5,21,0,,,,,,,,,,,,,,30g,100g,"복합조미식품, 식물성유지, 옥수수가루, 카카오색소, 탄산칼슘, 비타민E, 정제소금",,100,1,6700,
빠다코코낫 로스티드 갈릭버터,롯데웰푸드(주),P101-103000100-2479,1.98E+13,100g,460,6,20,64,22,,,,,,320,,,,,,,,0,12,0,,,,,,,,,,,,,,30g,100g,"밀가루, 쇼트닝, 혼합식용유, 설탕, 정제수, 팜추출물, 산성아황산나트륨, 천연향신료, 기타가공품, 향료제제, 탄산수소나트륨, 혼합제제, 향료, 정제소금, 기타과당, 복합조미식품, 탄산수소암모늄, 버터, 전분, 과.채가공품",,100,5,2200,
비쵸비 딸기,(주)오리온제3익산공장,P101-106000100-4409,1.98E+13,100g,504,4,24,68,36,,,,,,280,,,,,,,,13.6,14.8,0,,,,,,,,,,,,,,30g,125g,"식물성크림, 밀가루, 준초콜릿, 백설탕, 쇼트닝, 가공유지, 당류가공품, 기타설탕, 전지분유, 기타밀가루, 가공유크림, 당류가공품, 코코아분말, 기타밀가루, 식염, 기타코코아가공품, 과.채가공품, 탄산수소나트륨, 탄산수소암모늄, 제일인산칼슘, 글루코노-δ-락톤, 버터오일, 산성아황산나트륨, 기타가공품, 가공유지, 향료",,125,3,4263,
비비고 버터오징어 김스낵,씨제이씨푸드주식회사,P101-104000100-0712,2.00E+13,100g,563,2.5,37.5,55,5,,,,,,700,,,,,,,,0,17.5,0,,,,,,,,,,,,,,30g,40g,"건면, 팜올레인유, 김, 복합조미식품, 향신료올레오레진류, 정제수",,40,6,1433,
비29,(주)농심,P101-106000100-3932,1.99E+13,100g,545,4.18,30.91,61.82,18.18,,,,,,655,,,,,,,,0,10.91,0,,,,,,,,,,,,,,30g,55g,"채종유(유채유 또는 카놀라유), 혼합제제, 향신료조제품, 소스, 복합조미식품, 백설탕, 팜유류, 곡류가공품",,55,15,1120,
블랙페퍼쉬림프 새우칩,미찌푸드 주식회사,P101-106000100-2268,2.01E+13,100g,528,1.07,29.32,65.08,8.68,,,,,,917,,,,,,,,3.08,13.49,0.06,,,,,,,,,,,,,,30g,155g,"서류가공품, 팜올레인유, 복합조미식품",,155,5,2100,
블랙김스낵 와사비,(주)코스모스제과,P101-106000100-0870,1.99E+13,100g,540,8,34.67,53.33,2.67,,,,,,613,,,,,,,,0,17.33,0,,,,,,,,,,,,,,30g,75g,"정제소금, 효모추출물, 조미김, 쌀그릿츠, 팜올레인유, 곡류가공품, 복합조미식품",,75,1,2880,
블랙김스낵 오리지널,(주)코스모스제과,P101-106000100-0869,1.99E+13,100g,540,6.67,34.67,54.67,4,,,,,,533,,,,,,,,0,17.33,0,,,,,,,,,,,,,,30g,75g,"복합조미식품, 효모추출물, 정제소금, 곡류가공품, 수산물가공품, 곡류가공품, 팜유류",,75,10,2363,
붉은대게칩,미찌푸드주식회사,P101-104000100-0812,2.01E+13,100g,528,6,28,63,3,,,,,,705,,,,,,,,3,11,0,,,,,,,,,,,,,,30g,200g,"복합조미식품, 팜올레인유, 과자류",,200,10,2329,
불비빔냉면맛칩,(주)코스모스제과,P101-104000100-1118,1.99E+13,100g,524,1.25,28.95,64.49,9.43,,,,,,1303,,,,,,,,7.54,12.85,0.18,,,,,,,,,,,,,,30g,100g,"복합조미식품, 팜올레인유, 서류가공품",,65,5,2470,
벌집핏자,(주)농심,P101-106000100-0789,19720154001130/19760342001181,100g,517,4.44,27.78,65.56,6.67,,,,,,622,,,,,,,,0,8.89,0.33,,,,,,,,,,,,,,30g,90g,"정제수, 옥수수전분, 기타가공품, 채종유(유채유 또는 카놀라유), 팜유, 기타가공품, 밀가루, 소스류, 곡류가공품, 정제미강유, 팜유, 기타가공품",1,90,1,1700,
마카다미아 딸기쿠키,한울 농업회사법인 주식회사,P101-103000100-4754,2.02E+13,100g,580,6,38,52,14,,,,,,170,,,,,,,,80,14,0,,,,,,,,,,,,,,30g,50g,"산성아황산나트륨, 베이킹파우더, 정제소금, 곡류가공품, 바닐라향, 기타식물성유지, 옥수수전분, 생크림, 쇼트닝, 마가린, 마카다미아, 음료베이스, 슈가파우더, 전란액, 박력분",1,,1,2900,
모프샌드 딸기스낵,(주)델토리,P101-104000100-2023,2.01E+13,100g,529,5.34,28.57,62.74,32.66,,,,,,124,,,,,,,,0,23.77,0.03,,,,,,,,,,,,,,30g,72g,"식물성크림, 곡류가공품, 곡류가공품, 전분, 밀가루, 곡류가공품, 홍국색소, 탄산칼슘, 정제소금, 설탕, 정제수",1,,1,2000,
8비트체다치즈팝콘,(주)제이앤이 아산공장,P101-101000100-0943,2.01E+13,100g,560,7.61,35.92,51.6,3.79,,,,,,861,,,,,,,,3.76,12.15,0.08,,,,,,,,,,,,,,20g,65g,"혼합식용유, 옥수수, 복합조미식품",1,,1,1900,
콜트스윗솔티팝콘,(주)제이앤이 아산공장,P101-101000100-0982,2.01E+13,100g,526,4.45,27.39,65.54,28.89,,,,,,693,,,,,,,,0,2.44,0.02,,,,,,,,,,,,,,20g,130g,"레시틴, 가공소금, 혼합식용유, 설탕, 옥수수",1,,1,1900,
허니현미오란다,(주)광일식품,P101-107000100-1291,1.99E+13,100g,403,8.89,7.78,74.44,25.56,,,,,,278,,,,,,,,0,4.44,0,,,,,,,,,,,,,,30g,90g,"물엿, 팜올레인유, 과자, 설탕, 물엿, 밀가루, 정제수, 향료, 베이킹파우더, 천일염, 정제소금, 마가린, 포도당, 효모, 벌꿀",1,,1,1600,
베이비콘스낵,미찌푸드주식회사,P101-104000100-1117,2.01E+13,100g,558,1.54,35.39,58.46,3.08,,,,,,911,,,,,,,,1.54,15.39,0,,,,,,,,,,,,,,30g,65g,"복합조미식품, 팜올레인유, 곡류가공품",1,,1,1700,
에너지바 저당,(주)오리온제4청주공장,P101-106000100-4444,1.99E+13,100g,526,16,32,46,4.8,,,,,,140,,,,,,,,0,7,0,,,,,,,,,,,,,,30g,50g,"수크랄로스, 아세설팜칼륨, 효소처리스테비아, 바닐린, 메이플향, 레시틴, 잔탄검, 코코아분말, 식염, 땅콩기름, 기타가공품, 땅콩 또는 견과류가공품, 아라비아검, 사양벌꿀, 해바라기유, 기타코코아가공품, 글리세린, 타우린, 두류가공품, 과자류, 땅콩버터, 기타 농산가공품, 땅콩 또는 견과류가공품, 당류가공품, 덱스트린, 아몬드, 준초콜릿, 땅콩",1,50,1,1600,
딸기잼스콘맛쿠키,(주)대산후드,P101-103000100-2388,1.99E+13,100g,429,4.68,13.89,71.35,23.88,,,,,,176,,,,,,,,9.69,10.28,0,,,,,,,,,,,,,,30g,100g,"곡류가공품, 식물성크림, 향료, 정제소금, 탄산수소나트륨, 정제수, 소스, 쇼트닝, 설탕, 밀가루, 전란액, 가공버터, 곡류가공품",1,,1,2300,
바삭달콤소라형스낵,(주)광일식품,P101-104000100-1923,1.99E+13,100g,512,6.67,25.83,63.33,16.67,,,,,,300,,,,,,,,1,11.67,0,,,,,,,,,,,,,,30g,120g,"밀가루, 팜올레인유, 설탕, 물엿, 기타 농산가공품, 포도당, 식물성크림, 조미식품, 기타가공품, 정제소금, 베이킹파우더, 탄산수소암모늄, 땅콩버터, 가공소금, 식품첨가물혼합제제, 정제수",1,,1,1500,
말차&카라멜 팝콘,(주)제이앤이아산공장,P101-101000100-0889,2.01E+13,100g,470,2.87,16.61,77.34,43.95,,,,,,396,,,,,,,,29.21,9.34,0.44,,,,,,,,,,,,,,20g,35g,"덱스트린, 화이트초콜릿, 유크림, 버터, 가공버터, 당류가공품, 당류가공품, 물엿, 정제수, 설탕, 옥수수, 기타가공품, 고형차, 레시틴, 복합조미식품, 혼합제제, 혼합제제, 향료, 혼합식용유, 가공소금, 정제소금, 포도당",1,35,1,1500,
그랑쉘 파인애플,(주)청우식품,P101-103000100-1941,1.99E+13,100g,420,5,16,64,33,,,,,,115,,,,,,,,15,5,0,,,,,,,,,,,,,,30g,195g,"구연산삼나트륨, 치자황색소, 향료, 제일인산칼슘, 밀가루, 설탕, 쇼트닝, 물엿, 폴리글리시톨시럽, 과.채가공품, 전란액, 기타과당, 과.채가공품, 쇼트닝, 아미드펙틴, 레시틴, 정제소금, 탄산수소암모늄, 구연산, 유함유가공품, 탄산수소나트륨, DL-사과산, 향료, 바닐린, 정제수, 주정",1,195,1,5600,
산도 밀크팝,(주)크라운제과,P101-106000100-3937,2.01E+13,100g,502,6,22,70,36,,,,,,360,,,,,,,,15,14,0,,,,,,,,,,,,,,30g,161g,"바닐라향, 밀크향, 식품첨가물, 혼합제제, 레시틴, 가공치즈, 정제소금, 코코넛크림분말, 기타가공품, 구연산, 제일인산칼슘, 탄산수소나트륨, 탄산수소암모늄, 물엿, 기타가공품, 기타가공품, 유함유가공품, 혼합식용유, 전란액, 캔디류, 기타설탕, 기타설탕, 쇼트닝, 설탕, 포도당, 쇼트닝, 밀가루, 천연향료, 바닐린, 과.채가공품, 크림소다향",1,161,1,2800,
타코야끼볼,주식회사삼진씨앤에프,P101-104000100-0442,2.01E+13,100g,536,4.76,30.95,59.52,7.14,,,,,,667,,,,,,,,0,11.9,0,,,,,,,,,,,,,,30g,42g,"결정셀룰로스, 정제수, 복합조미식품, 곡류가공품, 팜올레인유, 정제소금, 탄산칼슘",1,,1,1700,
더블왕새우칩,미찌푸드주식회사,P101-104000100-1075,2.01E+13,100g,504,1.27,25.46,67.27,9.09,,,,,,978,,,,,,,,9.09,10.91,0,,,,,,,,,,,,,,30g,55g,"서류가공품, 팜올레인유, 복합조미식품",1,,1,1700,
아포카토맛쿠키,(주)대산후드,P101-103000100-2139,1.99E+13,100g,484,7.54,23.36,63.45,29.08,,,,,,136,,,,,,,,10.33,13.2,0.13,,,,,,,,,,,,,,30g,135g,"밀가루, 쇼트닝, 설탕, 전란액, 식물성크림, 커피, 향료, 정제소금, 탄산수소나트륨, 효모추출물, 정제수, 소스",1,,1,2300,
마카다미아초코 쿠키,아틀리에아방,P101-103000100-1029,2.02E+13,100g,482,6.23,25.4,57.14,27.21,,,,,,322,,,,,,,,65.01,13.18,0.39,,,,,,,,,,,,,,30g,950g,"초콜릿, 밀크초콜릿, 당류가공품, 마카다미아분태, 계란, 갈색설탕, 설탕, 마가린, 밀가루, 마카다미아분태, 탄산수소나트륨, 식품첨가물혼합제제, 버터, 설탕, 정제소금, 계란, 밀가루, 팽창제제, 식품첨가물, 초콜릿, 가공유크림, 땅콩 또는 견과류가공품, 초콜릿가공품, 마카다미아, 전란액, 슈가파우더, 산성아황산나트륨, 정제소금, 바닐라향, 버터, 기타식물성유지, 준초콜릿, 코코아분말, 옥수수전분, 생크림, 쇼트닝, 마가린, 박력분",1,,1,2900,
초코츄러스쿠키,(주)대산후드,P101-103000100-2210,1.99E+13,100g,444,5.04,17.42,66.81,34.44,,,,,,142,,,,,,,,11.97,8.41,0.18,,,,,,,,,,,,,,30g,100g,"쇼트닝, 밀가루, 기타설탕, 설탕, 소스, 정제수, 혼합제제, 효모추출물, 천연향신료, 탄산수소나트륨, 정제소금, 향료, 식물성크림, 전란액, 소스, 가공버터",1,,1,2300,
멜론동글쿠키,(주)대산후드,P101-103000100-2038,1.99E+13,100g,502,5.31,22.76,68.9,27.02,,,,,,133,,,,,,,,8.48,10.24,0.02,,,,,,,,,,,,,,30g,115g,"마가린, 밀가루, 백설탕, 쇼트닝, 정제수, 혼합제제, 정제소금, 탄산수소나트륨, 향료, 과.채가공품, 전란액, 식물성크림, 전분",1,,1,1800,
마롱 코코아스낵,(주)델토리,P101-104000100-0695,2.01E+13,100g,514,7.14,25.68,63.64,22.59,,,,,,115,,,,,,,,2.02,21.98,0.07,,,,,,,,,,,,,,30g,70g,"식물성크림, 곡류가공품, 곡류가공품, 코코아분말, 밀가루, 곡류가공품, 설탕, 탄산칼슘, 정제소금, 정제수",1,70,1,2000,
자가비 와사비소금맛,해태가루비(주),P101-104000100-0980,2.00E+13,100g,600,6.67,43.33,46.67,0,,,,,,600,,,,,,,,0,15.33,0,,,,,,,,,,,,,,30g,45g,"d-토코페롤(혼합형), 복합조미식품, 혼합식용유, 냉동감자",1,,1,2000,
카라멜치즈팝콘,(주)제이앤이,P101-101000100-0128,2.01E+13,100g,500,7.14,24.29,64.29,28.57,,,,,,629,,,,,,,,14.29,10,0.43,,,,,,,,,,,,,,20g,70g,"설탕, 당류가공품, 갈색설탕, 물엿, 복합조미식품, 복합조미식품, 옥수수기름(옥배유), 태움용융소금, 쇼트닝, 레시틴, 허브추출물, 혼합식용유, 옥수수, 혼합식용유, 정제수, 브라운카라멜베이스믹스, 당류가공품, 가공버터, 복합조미식품, 재제소금(재제조소금), 레시틴, 혼합제제, 혼합제제, 옥수수, 가공버터, 백설탕, 옥수수, 당류가공품, 기타가공품, 물엿, 향미유, 정제소금, 레시틴, 탄산수소나트륨",1,80,1,1700,
뉴룽지,농업회사법인오리온농협(주),P101-106000100-3015,2.02E+12,100g,488,5.33,18.67,74.67,21.33,,,,,,413,,,,,,,,0,8,0,,,,,,,,,,,,,,30g,75g,"구연산, 식품첨가물, 향료, 젤라틴, 정제소금, 향료, 덱스트린, 복합조미식품, 유화제, 탄산칼슘, 복합조미식품, 옥수수전분, 백설탕, 식물성유지, 분당, 쌀",1,75,1,1500,
브라운치즈러스크,주식회사한영식품,P101-103000100-1751,2.02E+13,100g,465,10.07,16.17,69.76,25.35,,,,,,651,,,,,,,,1.07,8.15,0.03,,,,,,,,,,,,,,30g,100g,"밀가루, 정제수, 설탕, 마가린, 복합조미식품, 우유, 효모, 정제소금, 식품첨가물혼합제제, 건파슬리",1,,1,1800,
A2치즈쿠키,(주)대산후드,P101-103000100-1921,1.99E+13,100g,527,5.76,29.06,60.63,16.49,,,,,,252,,,,,,,,12.2,14.21,0.21,,,,,,,,,,,,,,30g,60g,"밀가루, 마가린, 설탕, 가공버터, 가공치즈, 우유, 정제소금, 향료",1,,1,2000,
A2밀크쿠키,(주)대산후드,P101-103000100-1650,1.99E+13,100g,509,6.01,23.6,68.11,29.58,,,,,,218,,,,,,,,46.7,10.34,0.07,,,,,,,,,,,,,,30g,100g,"정제수, 효모식품, 탄산수소나트륨, 정제소금, 향료, 우유, 전란액, 식물성크림, 쇼트닝, 백설탕, 밀가루",1,,1,2000,
홈런볼 말차딸기,해태제과식품(주),P101-106000100-4061,1.99E+13,100g,565,6.52,34.78,56.52,34.78,,,,,,174,,,,,,,,108.7,10.87,0,,,,,,,,,,,,,,30g,46g,"난백액, 밀가루, 마가린, 기타가공품, 찰옥수수알파전분, 전란액, 식물성크림, 정제소금, 글리세린지방산에스테르, 혼합제제, 고형차, 레시틴, 탄산수소나트륨, 탄산수소암모늄",1,,1,2000,
오!딸기,(주)오리온제5청주공장,P101-106000100-3965,2.02E+12,100g,556,3.64,32.73,61.82,29.09,,,,,,145,,,,,,,,9.09,20,0,,,,,,,,,,,,,,30g,55g,"라즈베리향, 요거트향, 딸기향, 과자류, 복합조미식품, 식물성유지, 과자류, 식물성크림",1,55,1,1700,
통크 딸기,(주)오리온제3익산공장,P101-106000100-4033,1.98E+13,100g,513,8.89,24.44,64.44,35.56,,,,,,144,,,,,,,,5.56,15.56,0,,,,,,,,,,,,,,30g,45g,"코코아분말, 식염, 곡류가공품, 백설탕, 식물성유지, 기타밀가루, 밀가루, 식물성크림, 탄산수소나트륨, 코코아분말",1,,1,1200,
스트로베리콘,(주)크라운제과아산공장,P101-106000100-3472,1.99E+13,100g,512,4,24,70,29,,,,,,180,,,,,,,,5,10,0,,,,,,,,,,,,,,30g,120g,"설탕, 혼합식용유, 옥수수가루, 식물성크림, 정제수, 팽창제제, 홍국색소, 가공소금, 정제소금, 결정셀룰로스, 향료, 분말유크림, 프락토올리고당, 벌꿀, 복합조미식품, 가당연유",1,60,1,1700,
달고나 초코칩쿠키,(주)대산후드,P101-103000100-1678,1.99E+13,100g,478,5.9,19.27,70.12,27.5,,,,,,294,,,,,,,,27.71,10.21,0.11,,,,,,,,,,,,,,30g,170g,"향료, 전란액, 정제소금, 탄산수소암모늄, 마가린, 설탕, 당류가공품, 당류가공품, 탄산수소나트륨, 준초콜릿, 밀가루, 식물성크림, 옥수수전분, 정제수",1,,1,1800,
땅콩카라멜 새우칩,(주)델토리,P101-104000100-0690,2.01E+13,100g,527,6.63,27.71,62.69,29.71,,,,,,150,,,,,,,,3.26,25.48,0,,,,,,,,,,,,,,30g,60g,"식물성크림, 전분가공품, 정제소금",1,,1,2000,
고소한땅콩샌드,롯데제과(주),P101-405000400-0144,20070156181390/20070156181390,100g,364,7.27,15.45,48.18,10.91,,,,,,464,,,,,,,,0,6.36,0.27,,,,,,,,,,,,,,70g,110g,"바닐린, 비타민E, 땅콩향, 땅콩향, 레시틴, 땅콩분말, 정제소금, 유청, 물엿, 땅콩버터, 제일인산칼슘, 탄산수소나트륨, 탄산수소암모늄, 땅콩버터, 땅콩분태, 유함유가공품, 포도당, 땅콩분말, 덱스트린, 땅콩분말, 기타설탕, 설탕, 설탕, 쇼트닝, 쇼트닝, 밀가루",1,,1,1600,
직화짬뽕맛 프로틴칩,(주)제이앤이아산공장,P101-104000100-0749,2.01E+13,100g,485,14.76,20.81,59.71,3.36,,,,,,1179,,,,,,,,9.81,5.94,0.03,,,,,,,,,,,,,,30g,50g,"정제수, 두류가공품, 향미유, 닭가슴살분말, 새우엑기스, 향미유, 황태분말, 복합조미식품, 향미유, 향료제제, 레시틴, 쌀, 혼합식용유, 복합조미식품",1,,1,2000,
피스타치오 팝콘,(주)제이앤이아산공장,P101-101000100-0483,2.01E+13,100g,457,4.68,13.99,78.21,41.84,,,,,,397,,,,,,,,18.51,6.15,0.38,,,,,,,,,,,,,,20g,30g,"피스타치오견과분말, 유크림, 가공버터, 정제수, 물엿, 설탕, 옥수수, 덱스트린, 당류가공품, 포도당, 레시틴, 정제소금, 혼합제제, 혼합식용유, 향료",1,30,1,1100,
멜론송이,(주)오리온,P101-106000100-3072,1.98E+13,100g,544,4,32,60,36,,,,,,180,,,,,,,,10,18,0,,,,,,,,,,,,,,30g,50g,"밀가루, 기타설탕, 식물성유지, 유당, 전지분유, 식물성유지, 가공유지, 백설탕, 쇼트닝, 전분, 당류가공품, 에리스리톨, 식염, 과.채가공품, 유화제, 탄산수소암모늄, 탄산수소나트륨, 버터오일, 혼합제제, 바닐린, 프로테아제(식물성), 향료, 향료, 혼합제제, 프로테아제(세균성), 식품첨가물",1,,1,1000,
뉴욕치즈버거맛팝콘,(주)바프,P101-101000100-0215,2.00E+13,100g,498,5.15,26.45,59.89,25.69,,,,,,638,,,,,,,,0.43,8.46,0.14,,,,,,,,,,,,,,20g,100g,"레시틴, 복합조미식품, 설탕, 혼합식용유, 옥수수",1,,1,1700,
빵부장소금빵,(주)농심,P101-106000100-2803,2.00E+13,100g,518,5.45,27.27,63.64,21.82,,,,,,545,,,,,,,,11.64,10.91,0,,,,,,,,,,,,,,30g,55g,"채종유(유채유 또는 카놀라유), 기타가공품, 올레오레진 로즈메리, 향료, 향료, 혼합제제, 혼합제제, 정제소금, 혼합제제, 버터, 전지분유, 가공버터, 팜유류, 밀가루, 기타가공품, 설탕, 곡류가공품",1,55,1,1700,
칠리버터맛 콘칩,(주)코스모스제과,P101-104000100-0433,1.99E+13,100g,513,6.19,25.68,64.31,1.19,,,,,,441,,,,,,,,1.99,12.54,0,,,,,,,,,,,,,,30g,100g,"옥수수가루, 팜올레인유, 복합조미식품, 쌀그릿츠, 혼합제제, 정제소금, 결정셀룰로스, 팜올레인유, 과자류, 복합조미식품",1,,1,1700,
립파이 초코,롯데웰푸드주식회사,P101-106000100-4131,1.98E+13,100g,545,6.82,32.96,55.68,27.27,,,,,,284,,,,,,,,17.05,20.46,0.43,,,,,,,,,,,,,,30g,88g,"밀가루, 마가린, 기타가공품, 기타가공품, 레시틴, 정제소금, 향료, 기타설탕, 기타가공품, 가공버터, 기타엿, 설탕, 설탕, 밀가루, 정제수, 밀크초콜릿",1,,1,3700,
카라멜팝콘,(주)가렛코리아,P101-101000100-0130,2.02E+12,100g,470,2,16,79,55,,,,,,320,,,,,,,,40,10,0.8,,,,,,,,,,,,,,20g,230g,"레시틴, 가공소금, 혼합식용유, 당류가공품, 옥수수, 혼합제제, 식물혼합유지, 레시틴, 재제소금(재제조소금), 가공버터, 옥수수, 당류가공품, 당류가공품, 당류가공품, 백설탕, 옥수수, 가공버터, 물엿, 정제소금, 레시틴, 탄산수소나트륨, 천일염, 카라멜색소, 과자, 당류가공품, 올리고당, 버터, 바닐라에센스",1,,1,1800,
콘소메맛팝콘,(주)제이앤이,P101-101000100-0137,2.01E+12,100g,450,10,20,65,1.67,,,,,,783,,,,,,,,0,5,0,,,,,,,,,,,,,,20g,60g,"혼합식용유, 옥수수, 복합조미식품",1,,1,1800,
피넛칩쿠키,(주)오리온 제2익산공장,P101-103000100-0445,1.98E+13,100g,548,9,32,56,27,,,,,,440,,,,,,,,7,13,0.35,,,,,,,,,,,,,,30g,104g,"유화제, 혼합제제, 합성향료, d-토코페롤(혼합형), 식물성유지, 산도조절제, 산도조절제, 가공소금, 쇼트닝, 땅콩 또는 견과류가공품, 땅콩 또는 견과류가공품, 땅콩버터, 쇼트닝, 백설탕, 밀가루",1,,1,1500,
르뱅쿠키,훼미리식품㈜,P101-103000400-0432,1.98E+12,100g,533,10,30,56.67,26.67,,,,,,150,,,,,,,,50,11.33,0,,,,,,,,,,,,,,30g,120g,"정제소금, 밀가루, 초콜릿, 밀가루, 마가린, 땅콩 또는 견과류가공품, 설탕, 전란액, 설탕, 땅콩 또는 견과류가공품, 가공버터, 탄산수소나트륨, 효모, 혼합제제, 천연향료, 정제수, 버터, 백설탕, 갈색설탕, 계란, 밀가루, 밀가루, 준초콜릿, 초콜릿, 정제소금, 전분가공품, 농산물조림, 농산물조림, 합성팽창제, 식품첨가물, 코코아분말, 혼합제제, 혼합올리브유, 화학적합성품, 전분, 호두, 초콜릿, 곡류가공품, 설탕, 조림류, 두유, 가공소금, 버터, 호두, 초콜릿, 계란, 설탕, 박력분, 중력분, 밀가루, 버터, 갈색설탕, 계란, 호두분태, 아몬드분말, 초콜릿, 천일염, 베이킹파우더, 탄산수소나트륨, 밀가루, 백설탕, 재제소금(재제조소금), 베이킹파우더, 화학적합성품, 계란, 버터, 혼합제제, 준초콜릿, 옥수수전분, 코코아분말, 호두, 초콜릿, 버터, 밀가루, 계란, 설탕, 베이킹파우더, 버터, 백설탕, 계란, 갈색설탕, 강력분, 바닐라빈추출물, 초콜릿, 피칸견과, 옥수수전분, 베이킹파우더, 탄산수소나트륨, 박력분, 밀가루, 가공버터, 호두분태, 초콜릿, 밀가루, 계란, 설탕, 설탕, 전분가공품, 식품첨가물, 식품첨가물, 가공소금, 식품첨가물, 버터, 백설탕, 전란, 박력분, 베이킹파우더, 옥수수전분, 초콜릿, 호두분태, 화이트초콜릿, 식품첨가물혼합제제, 버터, 호두, 초콜릿, 계란, 밀가루, 설탕, 기타설탕, 정제소금, 베이킹파우더, 전분, 바닐라에센스, 아몬드슬라이스, 코코아가공품류또는초콜릿류, 쇼트닝, 버터, 계란, 설탕, 밀가루, 아몬드분말",1,,1,1700,
카라멜 러스크,킹스베이커리,P101-106000100-3290,2.02E+12,100g,537,4,32.3,57.3,31.9,,,,,,131,,,,,,,,67.8,16.4,0.24,,,,,,,,,,,,,,30g,130g,"과.채가공품, 효모, 정제소금, 당류가공품, 마가린, 카라멜소스, 기타설탕, 마가린, 설탕, 정제수, 밀가루, 건파슬리, 식품첨가물혼합제제, 코코아분말, 식품첨가물, 식품첨가물, 정제소금, 코코넛분말, 물엿, 정제수, 마가린, 생크림, 설탕, 밀가루, 카라멜소스, 연유, 캔디류, 버터, 설탕, 카라멜향혼합분말, 정제수, 빵류",1,,1,1800,
꼬깔콘군옥수수맛,롯데웰푸드주식회사,P101-104000100-0886,1.98E+13,100g,583,5,36.67,56.67,5.33,,,,,,533,,,,,,,,0,11.67,0.77,,,,,,,,,,,,,,30g,67g,"옥수수, 혼합식용유, 씨즈닝, 백설탕, 정제소금, 탄산수소나트륨",1,,1,1700,
알새우칩,(주)농심,P101-106000100-1194,20010549541149/1991046110110,100g,507,5.88,25,67.65,11.76,,,,,,750,,,,,,,,4.41,8.82,0,,,,,,,,,,,,,,30g,68g,"채종유(유채유 또는 카놀라유), 기타가공품, 팜유류, 서류가공품, 서류가공품, 미강유(현미유), 팜유, 기타가공품",1,68,1,1700,
크림치즈타르트,(주)다옴베이크,P101-412000400-1159,2.01E+13,100g,179,3.45,12.07,15.52,10.35,,,,,,64,,,,,,,,51.72,5.52,0,,,,,,,,,,,,,,70g,58g,"정제소금, 식품첨가물혼합제제, 돼지젤라틴, 과채주스, 코코아버터, 정제수, 가당난황액, 설탕, 아몬드분말, 분당, 소스, 유함유가공품, 가공버터, 치즈, 박력분, 가공소금, 계란노른자, 바닐라에센스, 생크림, 요거트크림, 우유, 계란, 가공버터, 설탕, 박력분, 치즈크림",1,,1,2800,
초코청크로얄쿠키,(주)조이푸드,P101-103000400-1397,2.01E+13,100g,496,5.71,21.43,71.43,37.14,,,,,,191,,,,,,,,18.57,11.43,0,,,,,,,,,,,,,,30g,70g,"팽창제제, 향료, 정제소금, 사양벌꿀, 땅콩 또는 견과류가공품, 전란액, 준초콜릿, 기타과당, 기타설탕, 준초콜릿, 마가린, 기타설탕, 박력분, 팽창제제, 향료, 정제소금, 사양벌꿀, 땅콩 또는 견과류가공품, 살균전란액, 준초콜릿, 기타과당, 기타설탕, 준초콜릿, 마가린, 기타설탕, 박력분",1,,1,1600,
두바이식초코쿠키,주식회사이웃집통통이,P101-103000100-2378,2.02E+13,100g,483,6.67,23.33,60,33.33,,,,,,167,,,,,,,,0,13.33,0,,,,,,,,,,,,,,30g,30g,"식품첨가물혼합제제, 정제소금, 피스타치오견과, 전란액, 유탕면, 땅콩 또는 견과류가공품, 밀가루, 마가린, 준초콜릿, 설탕, 밀가루, 밀가루, 버터, 갈색설탕, 당류가공품, 전란, 과자, 설탕, 당류가공품, 땅콩 또는 견과류가공품, 땅콩 또는 견과류가공품, 콩기름(대두유), 땅콩 또는 견과류가공품, 팽창제제, 식품첨가물, 바닐라페이스트",1,,1,4300,
구운고구마,해태제과식품(주),P101-103000400-0120,1.98E+13,100g,519,9.63,25.93,62.96,11.11,,,,,,815,,,,,,,,0,11.48,0.37,,,,,,,,,,,,,,30g,27g,"아스파라지나아제, 수크랄로스, 제일인산칼슘, 레시틴, 강력분, 식물성유지, 백설탕, 쇼트닝, 복합조미식품, 기타가공품, 천일염, 찰옥수수알파전분, 가공연유, 곡류가공품, 트레할로스, 구연산, 제삼인산나트륨, 정제소금, 향료, 자주색고구마색소, 탄산수소나트륨, 향료, L-라이신염산염, 혼합제제",1,108,1,4000,
꼬깔콘고소한맛,롯데웰푸드주식회사,P101-104000100-0885,1.98E+13,100g,583,5,36.67,56.67,5,,,,,,520,,,,,,,,0,11.67,0.63,,,,,,,,,,,,,,30g,67g,"옥수수, 혼합식용유, 백설탕, 정제소금, 탄산수소나트륨, 복합조미식품",1,,1,1700,
맛동산,해태제과식품(주),P101-106000100-0650,1.98E+13,100g,500,10,23.33,63.33,23.33,,,,,,50,,,,,,,,0,5,0,,,,,,,,,,,,,,30g,300g,"갈색설탕, 물엿, 땅콩분태, 곡류가공품, 난백액, D-소비톨, 가공연유, 효모, 기타가공품, 쇼트닝, 난황액, 정제소금, 탄산수소암모늄, 곡류가공품, 탄산칼슘, 프로테아제, 기타가공품, 혼합식용유, 밀가루",,950,26,992,
감자깡,(주)농심,P101-106000100-0075,1972015400148/19760342001134,100g,500,6.67,20,73.33,5.33,,,,,,633,,,,,,,,0,6,0,,,,,,,,,,,,,,30g,75g,"밀가루, 정제수, 옥수수전분, 바베큐맛조미분말, 채종유(유채유 또는 카놀라유), 팜유, 비프맛베이스조미분말, 냉동양파, 서류가공품, 기타가공품, 채종유(유채유 또는 카놀라유), 팜유, 곡류가공품",1,75,1,1700,
꿀꽈배기,"SHANDONG DINGXIAN FOOD CO.,LTD",P101-106000100-6426,25CN52E00D9,100g,595,7.4,43.4,44,12,,,,,,85,,,,,,,,0,5.6,0,,,,,,,,,,,,,,30g,500g,"곡류가공품, 미강유, 팜유, 백설탕, 벌꿀, 천연첨가물, 물엿, 정제소금, 벌꿀향, 소스류, 향료, 채종유(유채유 또는 카놀라유), 소스류, 향료, 곡류가공품, 물엿, 정제수, 혼합제제, 정제소금, 천연첨가물, 벌꿀, 백설탕, 팜유류",1,90,1,1700,
땅콩강정,영진식품,P101-107000100-1501,2.01E+13,100g,433,17.31,11.9,66.05,20.88,,,,,,70,,,,,,,,0,2.46,0.01,,,,,,,,,,,,,,30g,5000g,"땅콩, 물엿, 설탕, 마가린, 천일염, 찐쌀, 아몬드, 땅콩, 물엿, 식물성크림, L-주석산, 탄산칼륨(무수), 레시틴, 포도당, 탄산수소나트륨, 식염, 쌀가루, 식물성유지, 옥수수전분, 백설탕, 밀가루, 물엿, 땅콩, 설탕, 물엿, 땅콩, d-토코페롤(혼합형), 쇼트닝, 쌀조청, 설탕, 물엿, 한천, 과.채가공품, 당절임, 땅콩, 마가린, 설탕, 물엿, 땅콩, 볶음땅콩, 물엿, 설탕, 마아가린1, 땅콩, 물엿, 설탕, 식용유, 찐쌀, 볶음땅콩, 기타엿, 갈색설탕, 땅콩, 백설탕, 물엿, 땅콩, 백설탕, 물엿, 건조찐쌀, 건조땅콩, 백설탕, 물엿, 볶은쌀, 볶음땅콩, 오부라이트분말, 설탕, 물엿, 땅콩, 땅콩, 물엿, 현미유, 설탕, 물엿, 쌀튀김, 백설탕, 땅콩, 마가리, 정제염, 식용유, 물엿, 정제소금, 설탕, 쌀조청, 땅콩, 물엿, 혼합식용유, 땅콩, 채종유(유채유또는카놀라유), 백설탕, 물엿, 볶음땅콩, 땅콩, 물엿, 백설탕, 마가린, 설탕, 땅콩, 멥쌀튀밥, 물엿, 땅콩, 물엿, 쌀조청, 백설탕, 볶음땅콩, 물엿, 백설탕, 혼합식용유, 정제수, 볶음땅콩, 백설탕, 물엿, 기타소금, 식용유지류, 정제수, 백설탕, 곡류가공품, 땅콩, 기타엿, 기타엿, 볶음땅콩, 갈색설탕, 밀가루유탕, 볶음땅콩, 물엿, 쌀조청, 땅콩, 쌀조청, 발효삼백초, 물엿, 볶음땅콩, 설탕, 콩기름(대두유), 볶음땅콩, 백설탕, 물엿, 식용유지류, 정제수, 혼합식용유, 설탕, 물엿, 땅콩, 멥쌀튀밥, 땅콩, 쌀조청",1,,1,1600,
바나나킥,(주)농심,P101-106000100-0736,2001054954151/199104611019,100g,420,4,6.13,88,49.33,,,,,,133,,,,,,,,0,2.27,0,,,,,,,,,,,,,,30g,75g,"향료, 향료, 향료제제, 탈지분유, 백설탕, 기타가공품, 정제소금, 팜유류, 과.채가공품, 곡류가공품, 채종유(유채유 또는 카놀라유), 난백분, 정제수, 기타가공품, 난백분, 향료, 팜유, 바나나분말, 채종유(유채유 또는 카놀라유), 설탕, 곡류가공품, 분말바나나향, 정제소금, 탈지분유, 바나나향",1,75,1,1700,
백옥콘,동서제과,P101-106000100-0778,2.00E+11,100g,408,6.86,4,86,10.77,,,,,,90,,,,,,,,0,0.63,0,,,,,,,,,,,,,,30g,5000g,"사카린나트륨, 정제수, 설탕, 탄산수소나트륨, 백강냉이",,190,10,1850,
백옥콘,미성식품,P101-106000100-0777,2.00E+11,100g,415,9,5,83,13,,,,,,85,,,,,,,,0,0,0,,,,,,,,,,,,,,30g,220g,"옥수수, 탄산수소나트륨, 설탕",,85,1,980,
버터와플,슈가레인,P101-106000100-3095,2.02E+13,100g,433,4.17,8.33,83.33,41.67,,,,,,108,,,,,,,,29.17,4.58,0,,,,,,,,,,,,,,30g,288g,"중력분, 쇼트닝, 가공버터, 전란액, 정제소금, 설탕, 단풍당시럽, 체다치즈분말, 버터향, 바닐린, 밀가루, 설탕, 가공버터, 전란액, 쇼트닝, 기타가공품, 정제소금, 산도조절제, 레시틴, 합성향료, 당류가공품, 복합조미식품, 바닐린, 밀가루, 가공버터, 전란액, 정제소금, 레시틴, 글리세린지방산에스테르, 생크림레진, 생강레진, 탄산수소나트륨, 탄산수소암모늄, 버터향, 설탕, 올레오레진로즈메리, 혼합분유, 정제소금, 탄산수소암모늄, 계란, 버터, 설탕, 밀가루",1,,1,3000,
야채크래커,(주)신흥제과,P101-103000400-1000,2.00E+13,100g,513,7.5,25,65,7.5,,,,,,325,,,,,,,,1.25,11.25,0,,,,,,,,,,,,,,30g,80g,"중력분, 혼합야채, 팜올레인유, 쇼트닝, 백설탕, 탄산수소암모늄, 유청분말, 골든시럽, 정제소금, 탄산수소나트륨, 복합조미식품, 제일인산칼슘, 프로테아제, 정제수, 밀가루, 과.채가공품, 향료, 레시틴, 향료제제, 산도조절제, 산도조절제, 정제소금, 복합조미식품, 과.채가공품, 산도조절제, 천일염, 소스류, 설탕, 식용유지류, 쇼트닝, 천연향신료, 식품첨가물, 식품첨가물, 식품첨가물, 식품첨가물",1,,1,1700,
오리온 카스타드,(주)오리온 제5청주공장,P101-106000100-7093,2.02E+12,100g,443,4.35,26.09,47.83,26.09,,,,,,174,,,,,,,,121.74,11.3,0,,,,,,,,,,,,,,30g,690g,"팜추출물, 혼합제제, 혼합제제, 혼합제제, 잔탄검, 베이킹파우더, 식염, 식물성유지, 난소화성말토덱스트린(고시형), 주정, 난황분, 전지분유, 유화제, 식물성유지, 혼합제제, 이소말토올리고당, 물엿, D-소비톨액, 식물성유지, 옥수수기름(옥배유), 밀가루, 전란액, 백설탕",,23,33,1251,
오리온 카스타드,(주)오리온제4청주공장,P101-106000100-7092,1.99E+13,100g,443,4.35,26.09,47.83,26.09,,,,,,174,,,,,,,,121.74,11.3,0,,,,,,,,,,,,,,30g,690g,"밀가루, 전란, 설탕, 옥수수기름(옥배유), 식물성유지, D-소비톨액, 물엿, 이소말토올리고당, 혼합제제, 식물성유지, 전지분유, 난황분, 주정, 유화제, 덱스트린, 유화제, 기타 식용유지가공품, 유화제, 식염, 혼합제제, 잔탄검, 카스타드향, 바닐라향, 바닐라향분말, 팜추출물, 유화제",,23,33,1251,
오징어땅콩,(주)오리온,P101-106000100-1319,201704151583/199203580996/19760487005150,100g,490,13.33,23.33,56.67,20,,,,,,333,,,,,,,,2.33,5.67,0,,,,,,,,,,,,,,30g,202g,"땅콩, 백설탕, 밀가루, 찰옥수수전분, 찰옥수수전분, 혼합식용유, 변성전분, 산도조절제, 조미오징어채, 물엿, 식염, 안나토색소, 새우엑기스, 복합조미식품, 안나토색소, 식염, 새우엑기스, 물엿, 복합조미식품, 조미오징어채, 탄산수소암모늄, 변성전분, 식물성유지, 알파옥수수전분, 알파옥수수전분, 박력분, 백설탕, 땅콩 또는 견과류가공품",1,98,1,1600,
청우 왕소라형과자,(주)청우식품,P101-106000100-1369,2.01E+13,100g,450,7.5,15,70,15,,,,,,425,,,,,,,,0,0,0,,,,,,,,,,,,,,30g,160g,"밀가루, 팜유, 설탕, 물엿, 참깨, 정제소금, 식물성크림, 분말결정포도당, 탄산수소암모늄, 땅콩버터, 천일염, α-아밀라아제, 향신료올레오레진류",,250,1,1680,
코스모스 왕소라형과자,(주)코스모스제과,P101-106000100-1370,1.99E+12,100g,458,7.69,16.15,70.77,20,,,,,,323,,,,,,,,0,6.92,0,,,,,,,,,,,,,,30g,130g,"α-아밀라아제, 탄산수소암모늄, 식물성크림, 소스, 팜올레인유, 정제소금, 참깨, 과.채가공품, 땅콩버터, 물엿, 당류가공품, 밀가루",,56,30,435,
초코칩쿠키,(주)한설당,P101-103000100-0804,2.02E+13,100g,534,5.9,31.4,59.3,29.7,,,,,,38,,,,,,,,9.8,12.5,0.1,,,,,,,,,,,,,,30g,100g,"혼합제제, 향료제제, 합성향료, 버터오일, 유화제, 가공치즈, 식염, 산도조절제, 가공연유, 물엿, 전란액, 준초콜릿, 밀가루, 쇼트닝, 백설탕, 정제소금, 팽창제제, 코코아분말, 당류가공품, 가공버터, 설탕, 탄산수소암모늄, 탄산수소나트륨, 체다치즈분말, 레시틴, 바닐린, 코코아향, 크래커향, 정제수, 땅콩 또는 견과류가공품, 박력분, 기타설탕, 마가린, 합성착향료, 아몬드분말, 베이킹파우더, 가공소금, 호두분태, 버터, 갈색설탕, 계란, 코코넛분말, 바닐라에센스, 중력분, 우유, 소스류, 밀크향, 분당, 향신료조제품, 재제소금(재제조소금), 합성팽창제, 액상과당, 초콜릿, 식물성크림, 옥수수가루, 초콜릿가공품, 과자, 태움용융소금, 유정란, 전란, 다크컴파운드, 카라멜색소 I, 버터향, 천연착향료(Vanilla), 정제염, 유청분말, 골든시럽, 초콜릿칩, 연유, 커피, 혼합소금, 호두, 다크초콜릿, BP, 쌀가루, 밀, 베이킹파우더포뮬러, 강력분, 럼향, 초코플레이크, 면류첨가알칼리제, 땅콩분태, 베타카로틴(고시형), 글리세린지방산에스테르, 유크림, 가공유지, 코코아매스, 초코렛향, 흑설탕향, 베이킹 소다, 소금, 초코칩, 우유버터, 강력쌀가루, 슈가분말, 흑설탕, 나트륨, 탄산나트륨, 중력밀가루, 천일염, 바닐라향오일, 백밀가루, 식품첨가물혼합제제, 영양강화밀가루, 난백액, 농산물조림, 가공유크림, 브랜디, 빵류, 기타소금, 아몬드, 일반증류주, 헤즐넛향분말, 땅콩, 다크 초콜릿 컴파운드 칩, 곡류가공품, 바닐라, 식물성마가린향, 가공두유, 야자유, 식품첨가물, 두류가공품, 해바라기유, 난소화성말토덱스트린(고시형), 향료, 전분가공품, 아몬드분태, 바닐라향, 화학적합성품, 가당난황액, 난황, 아몬드슬라이스, 살균전란액, 과.채가공품, 생크림, 빵생지, 호두견과분말, 코코넛파우더, 화이트컴파운드, 식물성유지, 전분, 천연향료(Vanilla), 옥수수전분",1,,1,1600,
롯데 카스타드,롯데웰푸드(주),P101-106000100-7111,2.00E+13,100g,457,4.35,26.09,52.17,34.78,,110,,,,152,,,,,,,,173.91,13.04,0.87,,,,1.696,,,,,,,,,,30g,828g,"향료, 기타가공품, 향료, 혼합제제, 과실주, 정제소금, 당시럽류, 가공유크림, 혼합제제, 전란액, 설탕, 밀가루, D-소비톨액, 쇼트닝, 쇼트닝, 기타가공품, 물엿, 글리세린, 마가린, 미강유(현미유), 기타가공품, 정제수, 우유, 기타 식용유지가공품, 주정, 기타엿, 기타가공품, 식물성크림, 난황분, 기타과당",,230,1,3390,
매운맛콘칩,(주)코스모스제과,P101-106000100-0658,1.99E+12,100g,505,5.86,23.74,67.07,2.54,,,,,,527,,,,,,,,0,11.32,0.04,,,,,,,,,,,,,,30g,100g,"팜올레인유, 옥수수가루, 복합조미식품, 결정셀룰로스, 쌀그릿츠, 정제소금, 혼합제제",,34,1,380,
짜장라면맛 고래밥,(주)오리온제2익산공장,P101-104000100-1158,1.98E+13,100g,441,5.36,12.5,76.79,12.5,,,,,,714,,,,,,,,0,7.14,0,,,,,,,,,,,,,,30g,56g,"향미유, 과.채가공품, 복합조미식품, 식염, 소스, 유화제, 기타가공품, 전분, 혼합식용유, 복합조미식품, 쇼트닝, 백설탕, 곡류가공품, 변성전분, 밀가루, 산도조절제, 기타가공품",,200,11,516,
삼아 미니 웨하스 바닐라,(주)삼아인터내셔날,P101-105000100-0135,1.99E+13,100g,515,5.5,25,67,37,,,,,,170,,,,,,,,7,14.8,0,,,,,,,,,,,,,,30g,190g,"밀가루, 백설탕, 식물성유지, 포도당, 유당, 유청분말, 살균전란액, 탄산수소암모늄, 밀단백, 탄산수소나트륨, 정제소금, 당류가공품, 기타가공품, 향료, 비타민C, 향료, 향료제제, 향료, 천연바닐라추출물",,300,2,4875,
삼아 미니 딸기 웨하스,(주)삼아인터내셔날,P101-105000100-0024,1.99E+13,100g,507,5.52,23.45,68.28,35.18,,,,,,124,,,,,,,,6.9,11.73,0,,,,,,,,,,,,,,30g,145g,"밀가루, 쇼트닝, 포도당, 설탕, 유청분말, 유당, 전란액, 유청단백분말, 탄산수소암모늄, 밀글루텐, 딸기분말, 탄산수소나트륨, 정제소금, 당류가공품, 구연산, 향료, 코치닐추출색소, 향료, 향료제제, 향료",,300,1,3450,
